calisma_sekli,departman,egitim,genel_nit_is_tanimi,ilan_baslik,label,sehir,sektor,sirket_adi,tecrube
,,,"Üniversitelerin Makina, Çevre, Kimya, Elektrik Mühendisliği Bölümünden mezun,,Çalışma ve Sosyal Güvenlik Bakanlığı tarafından verilen B sınıfı İSG Uzmanılığı belgesine sahip,,Üretim sektöründe en az 5 yıl tecrübeli, tercihen çevre ve atık yönetimi mevzuatına hakim,,İSG mevzuatına ve uluslararası uygulamalarını bilen,,MS Office iyi derecede kullanabilen,,Disiplinli, sistemli ve raporlu çalışmayı benimseyen,,İngilizce bilen, takım çalışmasına yatkın,,Erkek adaylar için askerlik görevini tamamlamış olan,,İŞ TANIMI,Fabrikada yapılan çalışmalar ve revizyonlar kapsamında, tasarım, makine ve diğer teçhizatların durumu, bakımı, seçimi ve kullanılan maddelerin İSG açısından uyumunun değerlendirilmesi,KKD’ların seçimi, temini, kullanımı, bakımı ve test edilmesi için işverene önerilerde bulunmak,İş sağlığı ve güvenliğiyle ilgili alınması gereken tedbirleri işverene yazılı olarak bildirmek.,Olay/ Kaza / Ramak Kala / Meslek hastalıklarının kök nedenlerinin araştırmasını yapmak, düzenleyici ve önleyici faaliyetleri planlamak.,İş sağlığı ve güvenliği yönünden risk değerlendirmesi yapılmasıyla ilgili çalışmalara ve uygulanmasına katılmak, risk değerlendirmesi sonucunda alınması gereken sağlık ve güvenlik önlemleri konusunda işverene önerilerde bulunmak ve takibini yapmak.,İşyerinde iş sağlığı ve güvenliği mevzuatı gereği yapılması gereken periyodik bakım, kontrol ve ölçümleri planlamak ve uygulamalarını kontrol etmek.,İşyerinde doğal afet, kaza, yangın veya patlama gibi durumlar için acil durum eylem planlarının hazırlanması çalışmalarına katılmak, periyodik eğitimlerin ve tatbikatların yapılmasını sağlamak,,Çalışanların iş sağlığı ve güvenliği eğitimlerinin ilgili mevzuata uygun olarak planlanması konusunda çalışma yaparak işverenin onayına sunmak ve uygulamalarını yapmak veya kontrol etmek.,Çalışma ortamıyla ilgili iş sağlığı ve güvenliği çalışmaları ve çalışma ortamı gözetim sonuçlarının kaydedildiği yıllık değerlendirme raporunu işyeri hekimi ile işbirliği halinde hazırlamak.,İş sağlığı ve güvenliği talimatları ile çalışma izin prosedürlerini hazırlayarak işverenin onayına sunmak ve uygulamasını kontrol etmek.,Taşeron/Alt taşeronların İSG performansını iyileştirmeye yönelik çalışmalarda bulunmak ve rehberlik etmek, İSG açısından taşeron/alt taşeron yönetiminden sorumlu olmak",İş Güvenliği Uzmanı (B Sınıfı),is_guvenlik_ve_saglik,,,Lignadecor Üretim ve Pazarlama A.Ş.,
,,,"GENERAL QUALIFICATIONS AND JOB DESCRIPTION,We searching for  HSE Chief to be recruited in our Africa based projects,,Bachelor’s Degree in Engineering preferably in Civil Engineering or Environmental Engineering,,No obstacle for travelling to African countries,,Minimum 5 years of post-graduate experience,,Have experience in high floor buıildings,,Possess an in-depth knowledge of HSE standards, and government policies and procedures,,Effective in building good working relationships with Client, Subcontractors and Project Team members,,Knowledge of Integrated Management Systems (ISO 9001, ISO 14001 & OHSAS 18001),,Qualification in NEBOSH & IOSH and B Class and above B class Occupational Health and Safety Certificate,,JOB DESCRIPTION,Advise, guide and support managers in the implementation of Health & Safety practices both on site and within the office environment. Ensure training programs are developed, modified and implemented as required,,Prepare and develop the overall project HSE Plan and effectively monitor adherence to HSE guidelines, policies and procedures during the project lifecycle,,Conduct daily and weekly HSE site inspections,,Prepare and maintain relevant HSE logs and documentation,,Ensure that appropriate Health and Safety training is delivered,,Monitor policies and procedures and report any areas where improvement is required,,Review HSE violations and monitor trends, and provide advice to close HSE violations,,Responsible that employment medical check-ups are carried out properly and workers are medically fit before they are deputed on the job site, as required by the client.",QHSE CHIEF,is_guvenlik_ve_saglik,,,VKS Mühendislik ve İnşaat A.Ş.,
,,,"GENEL NİTELİKLER,En az ilkokul mezunu, ,Ameliyathane yardımcı sağlık personeli / hasta bakımı pozisyonunda en az 1 yıl deneyimli,,Vardiyalı sistemde çalışabilecek, ,Kişisel bakımına özen gösteren, ,Hastaların kişisel bakımıyla ilgilenecek ,Ekip çalışmasına uyumlu ,İŞ TANIMI,Hasta transferlerinde hastaların taşınmasına yardım edilmesi, ,Hasta bakımı, pozisyon değişimi sırasında hemşireye destek verilmesi. ,‘’Hasta Bakıcısı’’",Yardımcı Sağlık Personeli,is_guvenlik_ve_saglik,,,İstanbul Medipol Üniversitesi,
,,,"GENEL NİTELİKLER,En az ilkokul mezunu, ,Ameliyathane yardımcı sağlık personeli / hasta bakımı pozisyonunda en az 1 yıl deneyimli,,Vardiyalı sistemde çalışabilecek, ,Kişisel bakımına özen gösteren, ,Hastaların kişisel bakımıyla ilgilenecek ,Ekip çalışmasına uyumlu ,İŞ TANIMI,Hasta transferlerinde hastaların taşınmasına yardım edilmesi, ,Hasta bakımı, pozisyon değişimi sırasında hemşireye destek verilmesi. ,‘’Hasta Bakıcısı’’",Yardımcı Sağlık Personeli,is_guvenlik_ve_saglik,,,İstanbul Medipol Üniversitesi,
,,Üniversite(Mezun),"İŞ GÜVENLİĞİ UZMANI,· Hizmet verilen fabrikalarda görevlendirilmek üzere,,· Üniversitelerin mühendislik bölümlerinden mezun,,· A,B, veya C sınıfı iş güvenliği uzmanlığı belgesine sahip,· MS Office programlarını iyi derecede kullanabilen,,· Mevzuat, yönetmelik ve saha uygulamalarına hakim,,· Çalışanlara eğitim verebilecek,,· Sorumluluk sahibi,,· Risk değerlendirme metodolojilerine hakim,,· İzmir’de ikamet eden veya edebilecek,,· Sürücü belgesine sahip ve aktif olarak araç kullanabilen,,· En az 2 yıl deneyimli,,(Not: Lütfen belge sınıfınızı ön yazı ile belirtiniz. A, B ve C sınıfı her branştan adaylar değerlendirilecektir.),İŞ TANIMI,· Aylık kurul toplantılarının düzenlenmesi,,· Risk analizi ve acil eylem planı çalışmalarının yürütülmesi,,· İş Sağlığı ve Güvenliği eğitimlerinin verilmesi,,· Sahada İSG denetimlerinin düzenlenerek raporlanması,,· İSG mevzuatı gereğince yapılması gereken yasal yükümlülüklerin yerine getirilmesi",İş Güvenliği Uzmanı,is_guvenlik_ve_saglik,,,Efe Ortak Sağlık Birimi Ltd.Şti,Tecrübeli ya da tecrübesiz adaylar
Sürekli / Tam zamanlı,Üretim / İmalat,,"Kocaeli Fabrikamız İş Güvenliği birimimiz için 6 ay dönemsel çalışacak İŞ GÜVENLİĞİ UZMANI aranmaktadır.,GENEL NİTELİKLER,Üniversitelerin  tercihen mühendislik fakültelerinden mezun,Ağır ve Tehlikeli işler kapsamındaki işletmelerde en az 3-5 yıl tecrübesi bulunan,Tercihen İngilizce bilen,B Sınıfı İş Güvenliği sertifikasına sahip,İş Sağlığı ve Güvenliği konularında yasal mevzuata hakim,Saha denetim süreçlerinde aktif olarak görev alabilecek,Analitik düşünebilen,MS Office programlarına hakim,Ekip çalışmasına yatkın,İletişim yönü kuvvetli,İŞ TANIMI,Risk analizi ve acil eylem planı çalışmalarının yürütülmesi,Sahada iş güvenliği denetimlerinin düzenlenerek raporlanması,İSG mevzuatı gereğince yapılması gereken yasal yükümlülüklerin yerine getirilmesi,Kaza öncesi önleyici çalışmaların sağlanması, kaza sonrası kök neden analizlerinin gerçekleştirilmesi,Aksiyon planlarının takip edilip tamamlanması",İŞ GÜVENLİĞİ UZMANI-DÖNEMSEL,is_guvenlik_ve_saglik,Kocaeli(İzmit),Üretim / Endüstriyel Ürünler,POSCO ASSAN TST ÇELİK SANAYİ A.Ş.,En az 3 yıl tecrübeli adaylar
,,,"Projelerimizde görevlendirilmek üzere aşağıdaki niteliklerde ,""İş Güvenliği Uzmanları"", aramaktayız.,Tercihen yüksek katlı bina, üst yapı projelerine yönelik risk değerlendirmesi ve saha uygulamaları çalışmalarına katılmış,,C İSG Uzmanı için 3 yıl, B İSG Uzmanı için 5 yıl deneyimli,,İlgili sınıfın İş Güvenliği Uzmanlığı Sertifikası olan ve aktif olarak kullanabilen,,İş sağlığı ve güvenliği mevzuat ve yönetmeliklerine hakim,,İş Sağlığı ve Güvenliği konularında çalışanlara gerekli eğitimleri verebilecek,,Günlük iş güvenliği ve çevre saha denetimlerini yapıp raporlayabilecek,,ISO 14001, OHSAS 18001 ve ISO 9001 yönetim sistemleri uygulamaları hakkında bilgi sahibi,,MS Office programlarına ve bilgisayar kullanımına iyi derecede hâkim, gerekli raporlamaları bilgisayar ortamında yapabilen,,İnsan ilişkileri ve iletişimi kuvvetli, iyi organize olabilen ve sonuç odaklı çalışabilen,,Erkekler adaylar için ,askerlik hizmetini tamamlamış.",İş Güvenliği Uzmanı,is_guvenlik_ve_saglik,,,AIR CLINIC İŞ GÜVENLİĞİ HİZMETLERİ LTD. ŞTİ.,
,,,"OSGB ’miz bünyesinde görevlendirilmek üzere aşağıdaki özelliklere sahip,“ B ve/veya A Sınıfı İş Güvenliği Uzmanı arayışımız bulunmaktadır.   ,Üniversitelerin ilgili bölümlerinden mezun, ,ÇSGB onaylı B veya A Sınıfı İş Güvenliği Uzmanı sertifikasına sahip,,İSG mevzuatı ve yönetmeliklere hakim,,Ekip çalışmasına yatkın, disiplinli ve sorumluluk sahibi,,İnsan ilişkilerinde başarılı, güler yüzlü, hızlı ve doğru karar verme yetisine sahip,,Analitik bakış açısına ve hızlı problem çözme yeteneğine sahip, ,Erkek adaylar için askerliğini tamamlamış.,NİTELİKLER;,• İSG Kapsamındaki tüm kanun ve yönetmelikleri takip ederek, kanun ve yönetmelikler doğrultusunda gerekli çalışmaları yapmak ve yapılmasını sağlamak,, • İşveren ile koordineli çalışarak, risk analizi yapmak , acil durum eylem planı oluşturmak, İSG eğitimleri vermek, ,• Firma içi gerekli prosedürleri yerine getirmek, güncellemek ve uygulanmasını sağlamak, ,• Gerekli bildirim ve raporlama süreçlerini oluşturmak, ,• Saha kontrollerini gerçekleştirerek sonuçları raporlamak ve takip etmek.",İş Güvenliği Uzmanı,is_guvenlik_ve_saglik,,,Szutest Uygunluk Değerlendirme A.Ş.,
,,,"Eğitim verme tecrübesine sahip, , Takım çalışmasına yatkın, ,İletişim becerileri güçlü, ,Planlama ve raporlama becerileri gelişmiş, , Ms Office iyi derecede kullanabilen, , İnsan ilişkilerinde başarılı, İletişim becerileri yüksek, , İş sağlığı ve güvenliği ile ilgili yasal mevzuatlara hakim, saha uygulamaları konusunda deneyimli, , Aktif araç kullanabilen İş Güvenliği Uzmanları aramaktayız. , Sorumluluğunu taşıdığı projelerde işyerinin bütün bölümlerinde, iş sağlığı ve güvenliği mevzuatına ve genel iş güvenliği kurallarına uygun olarak faaliyetlerin yürütülmesini sağlamak, iş güvenliği ile ilgili faaliyetlerin takibini yapmak, , Görevi gereği işyerinin bütün bölümlerinde iş sağlığı ve güvenliği konusunda inceleme ve araştırma yapmak, gerekli bilgi ve belgelere ulaşmak ve çalışanlarla görüşmek, , Hizmet vermiş olduğu firmalara yönelik iş güvenliği eğitimi, risk değerlendirme, acil durum planı ve danışmanlık hizmetlerini yürütmek, Risk değerlendirme sonuçlarını da dikkate alarak, ani veya yakın tehlike durumları ve kazaların potansiyelini tanımlayan ve bunlara ilişkin risklerin nasıl önleneceğini gösteren acil durum planlarını hazırlamak.",İş Güvenliği Uzmanı,is_guvenlik_ve_saglik,,,ERAT İŞ SAĞLIĞI VE GÜVENLİĞİ DEN.EĞT.DAN.TİC.LTD,
,,,"Tez Medikal Ortak Sağlık ve Güvenlik Birimi olarak, şirketlerin özel sağlık ve güvenlik planı ihtiyaçlarına uygun, ilerici ve kalıcı çözümler üretmek konusunda önemli deneyim, bilgi ve birikimini barındıran, insan hayatının dünyadaki tartışmasız en değerli unsuru olması ilkesine bağlı Türkiye’nin lider OSGB’sidir.,Genel müdürlük ekibi ile toplam sayısı günden güne artmakta olan, 1000’in üzerinde deneyimli, nitelikli kadrosu ve iş sağlığı güvenliği ekibi ile Türkiye’nin 81 ilinde eş zamanlı ve koordineli bir sistem içerisinde İş Sağlığı ve Güvenliği hizmetlerini sunmaktadır. Tüm tehlike sınıflarına uygun hizmet verebilme kapasitesinde olan, Türkiye’nin önde gelen holding ve büyük ölçekli firmalarının çözüm ortağı olma başarısına sahip tek OSGB şirketidir.,Şirketlerin faaliyet alanlarına yönelik; hava, deniz, yat limanı, tershane, kampüs, sanayi kompleksi, banka, alışveriş merkezleri ve bir çok yoğun yaşam alanlarında iş sağlığı ve güvenliği hizmetlerinde, kapasitelerine uygun ve sunduğu hizmet çeşitlilikleri ile yerinde, etkin ve kalıcı çözümler sunan sürdürülebilir hizmet anlayışına sahip lider markaların tercih ettiği bir OSGB şirketidir.,İzmir'de hizmet verdiğimiz firmamızda görevlendirmek üzere;,Görev Tanımı,İş Sağlığı ve Güvenliği ile ilgili ulusal ve uluslararası mevzuat ve standartlar ile şirket içi standartlar doğrultusunda tüm gerekliliklerin gerçekleştirilmesi, mevcut sistem uygulamalarının geliştirilmesi,,6331 sayılı İş Sağlığı ve Güvenliği Kanunu, İş Güvenliği Uzmanlarının Görev, Yetki ve Sorumlulukları Hakkında Yönetmelik ve ilgili diğer mevzuatlar kapsamındaki tüm görevlerin gerçekleştirilmesi (Rehberlik, Risk Değerlendirme, Çalışma Ortamı Gözetimi, Eğitim-Bilgilendirme-Kayıt, İlgili Birimlerle İşbirliği vb.) ve tüm bu çalışmaların takip edilmesi, raporlanması,,İSG kültürünü arttırıcı faaliyetlerin gerçekleştirilmesi,,İşyeri Hekimi ve Diğer Sağlık Personelleri ile koordineli çalışılması,,İş Sağlığı ve Güvenliği ile ilgili yapılan çalışmaların datalarının İSG Yazılımına kaydının yapılması,,Genel Nitelikler,Üniversitelerin Mühendislik fakültelerinden mezun (Tercihen Kimya Mühendisliği, Makine Mühendisliği, İnşaat Mühendisliği, Çevre Mühendisliği, Metalürji Mühendisliği)·,A/B Sınıfı İş Güvenliği Uzmanlık sertifikasına sahip,,İş Sağlığı ve Güvenliği ile ilgili mevzuat gerekliliklere hâkim ve bu doğrultudaki tüm uygulamaları gerçekleştirebilen,,Saha uygulamalarında aktif görev yapabilecek,,Endüstriyel tesislerde görev almış,,Patlamadan korunma dokümanı hazırlama eğitimini almış,,Yangın söndürme eğitimlerini tamamlamış,,Kimyasal risk değerlendirmesi bilgisine vakıf,,MS Office programlarını etkin kullanabilen,,Çözüm odaklı, analitik düşünebilen, planlama, organizasyon ve problem çözme konularında etkin, takım çalışmasına yatkın,",İş Güvenliği Uzmanı,is_guvenlik_ve_saglik,,,Tez Medikal Sağlık Turizm A.Ş,
,,,"Tez Medikal Ortak Sağlık ve Güvenlik Birimi olarak, şirketlerin özel sağlık ve güvenlik planı ihtiyaçlarına uygun, ilerici ve kalıcı çözümler üretmek konusunda önemli deneyim, bilgi ve birikimini barındıran, insan hayatının dünyadaki tartışmasız en değerli unsuru olması ilkesine bağlı Türkiye’nin lider OSGB’sidir. ,Genel müdürlük ekibi ile toplam sayısı günden güne artmakta olan, 1000’in üzerinde deneyimli, nitelikli kadrosu ve iş sağlığı güvenliği ekibi ile Türkiye’nin 81 ilinde eş zamanlı ve koordineli bir sistem içerisinde İş Sağlığı ve Güvenliği hizmetlerini sunmaktadır. Tüm tehlike sınıflarına uygun hizmet verebilme kapasitesinde olan, Türkiye’nin önde gelen holding ve büyük ölçekli firmalarının çözüm ortağı olma başarısına sahip tek OSGB şirketidir. ,Şirketlerin faaliyet alanlarına yönelik; hava, deniz, yat limanı, tershane, kampüs, sanayi kompleksi, banka, alışveriş merkezleri ve bir çok yoğun yaşam alanlarında iş sağlığı ve güvenliği hizmetlerinde, kapasitelerine uygun ve sunduğu hizmet çeşitlilikleri ile yerinde, etkin ve kalıcı çözümler sunan sürdürülebilir hizmet anlayışına sahip lider markaların tercih ettiği bir OSGB şirketidir. , Genel Nitelikler,• Üniversitelerin Mühendislik bölümlerinden mezun,,• A/B Sınıfı İş Güvenliği Uzmanlık sertifikasına sahip,,• Rafineri, Petrokimya, Kimya İşleyen fabrika tecrübesi bulunan,,• Tercihen Nebosh, Iosh Sertifikası bulunan,,• Tercihen İngilizce bilen,,• Erkek adaylar için askerliğini tamamlamış,• İş izni, kapalı alan, yüksekte çalışma ve İskele tecrübeli ve sertifikalı,• Endüstriyel montaj ve bakım tecrübeli,• Tercihen Patlamadan Korunma Dökümanı Sertifikası ve bilgisi olan,,• Çözüm odaklı, analitik düşünebilen, planlama, organizasyon ve problem çözme konularında etkin, takım çalışmasına yatkın,Görev Tanımı,• İş Sağlığı ve Güvenliği ile ilgili ulusal ve uluslararası mevzuat ve standartlar ile şirket içi standartlar doğrultusunda tüm gerekliliklerin gerçekleştirilmesi, mevcut sistem uygulamalarının geliştirilmesi,• 6331 sayılı İş Sağlığı ve Güvenliği Kanunu, İş Güvenliği Uzmanlarının Görev, Yetki ve Sorumlulukları Hakkında Yönetmelik ve ilgili diğer mevzuatlar kapsamındaki tüm görevlerin gerçekleştirilmesi (Rehberlik, Risk Değerlendirme, Çalışma Ortamı Gözetimi, Eğitim-Bilgilendirme-Kayıt, İlgili Birimlerle İşbirliği vb.) ve tüm bu çalışmaların takip edilmesi, raporlanması,• İSG kültürünü arttırıcı faaliyetlerin gerçekleştirilmesi,• İşyeri Hekimi ve Diğer Sağlık Personelleri ile koordineli çalışılması,• İş Sağlığı ve Güvenliği ile ilgili yapılan çalışmaların datalarının İSG Yazılımına kaydının yapılması,"" Genel Niteliklerde bulunan ,kriterlere sahip adayların, başvurularını bekliyoruz.",İş Güvenliği Uzmanı,is_guvenlik_ve_saglik,,,Tez Medikal Sağlık Turizm A.Ş,
,,,"·,        ,İstanbul Başakşehir Şehir Hastanesi Projesinde görevlendirilmek üzere,,·,        ,Üniversitelerin ilgili bölümlerinden mezun,,·,        ,MS Office uygulamalarına hakim,,·,        ,İstanbul Başakşehir’de ikamet eden / edebilecek, Başakşehir’e ulaşım problemi olmayan (Yenibosna Metro – Fatih Cad. – Özel Halkalı Kent Hastanesi – Konut Birlik Sitesi – Tema Park Güzergâhında servisimiz vardır.),,·,        ,Yoğun iş temposuna uyum sağlayabilecek,,·,        ,İletişim becerileri güçlü,,·,        ,Ekip çalışmasına yatkın,,·,        ,İSG Teknikeri ya da C Sınıfı İş Güvenliği Uzmanı alınacaktır.,İş Tanımı, ,·,        ,Birim şefi ve İSG Koordinatör ile koordineli çalışarak alınacak tedbirler ile ilgili önerilerde bulunmak ve uygulamanın takibini yapmak, ,·,        ,Gün boyunca sahada kalarak saha denetimlerini yapmak, eksiklikleri ilgili birimlere bildirmek, takibini sağlamak,,·,        ,Günlük toolbox konuşmalarını ve saha içi anlık eğitimleri organize etmek, gerçekleştirmek, kayıt altına almak,,·,        ,Uygunsuzluğu tespit edilen çalışanların uygunsuzluk tutanaklarını tutmak ve eğitimlerini vermek,,·,        ,Makine ve ekipman kontrollerini yapmak, periyodik kontrol sürelerini takip etmek,,·,        ,Elektrikli ekipman kontrollerini yaparak eksik olanların aylık renk kodlamalarını yaptırmak, arızalı olanların kullanımını engellemek,,·,        ,İskele ve merdivenlerin kontrollerinin yetkili kişilerce yapılmasını sağlamak, eksiklerinin giderilmesi konusunda takipçi olmak,,·,        ,Yaşam hatlarının ve emniyet kemerlerinin kontrollerini yapmak,,·,        ,Şaft çalışmaları ve kritik çalışmaları yerinde takip etmek,,·,        ,Ana firma tarafından açılan uygunsuzlukların giderilmesini sağlamak ve tekrarlanmaması konusunda takipçi olmak,",İş Güvenliği Uzmanı / Teknikeri,is_guvenlik_ve_saglik,,,MEKATRONİK İNŞ.TUR.MÜH.OTO TAR.GID.İTH.İHR.SAN.VE TİC.LTD.ŞT,
,,,"Tekirdağ /Muratlı ‘daki Prefabrik üretim tesisimizde çalıştırılmak üzere ,,C sınıfı iş güvenliği uzman sertifikasına sahip takım arkadaşları aramaktayız.,İş güvenliği alanında deneyimli,, ,Tekirdağ’da ikamet eden,, ,İş Sağlığı ve Güvenliği mevzuatına hakim,, ,MS Ofis programlarını temel seviyede kullanabilen,,İletişim becerileri yüksek, ekip çalışmasına yatkın,,Askerliğini tamamlamış,, ",İŞ GÜVENLİĞİ UZMANI,is_guvenlik_ve_saglik,,,ALACEG,
Sürekli / Tam zamanlı,Hizmet,"Ön Lisans(Mezun), Üniversite(Mezun), Yüksek Lisans(Mezun)","İstanbul Anadolu ve Avrupa yakasında bulunan çeşitli projelerde görevlendirilmek üzere,,İş sağlığı ve güvenliği sektöründen en az 1,5 yıl tecrübesi bulunan,,Saha ve dokümantasyon konusuna hakim,,İletişim becerileri yüksek,,Takım çalışmasına yatkın,,Araştırma-geliştirme becerileri yüksek, kendini geliştirmeye açık,,Erkek adaylar için askerlik engeli bulunmayan,,Çalıştığı firmada devamlı çalışma arzusu olan,,İş Güvenliği Uzmanı (A/B/C) çalışma arkadaşları aramaktayız.",İş Güvenliği Uzmanı,is_guvenlik_ve_saglik,,İş Güvenliği ve Sağlığı,DRUZ İŞ SAĞLIĞI VE GÜVENLİGİ HİZMET EĞİTİM,1 - 2 yıl tecrübeli adaylar
Sürekli / Tam zamanlı,Hizmet,,"*A veya B Sınıfı İş Güvenliği Uzmanı sertifikasına sahip,,*Tercihen üniversitelerin Mühendislik Fakültelerinden mezun,,*İş Sağlığı ve Güvenliği kapsamında güncel kanun ve yönetmeliklere hakim,,*Raporlama ve takip disiplinine sahip,,*İnsan ilişkilerinde başarılı,,*Diksiyonu düzgün ve kendisini iyi ifade edebilen,,*Tercihen OSGB tecrübesine sahip olan,,*Erkek adaylar için askerlikle ilişkisi olmayan,,*Sürücü ehliyetine sahip ve aktif araç kullanabilen,,*İstanbul ilinde çalışabilecek,,adayların başvurmaları rica olunur.,İŞ TANIMI;,Grup Şirketlerimizden biri olan, Ortak Sağlık Güvenlik Birimi,'miz bünyesinde tam zamanlı olarak; İş Sağlığı ve Güvenliği mevzuat takibini yapmak, kurum içerisinde uygulamak ve denetlemek, ISG faaliyetlerini raporlamak. İşyerindeki tehlikeleri saptamak, risk değerlendirmesini yapmak, riskleri ortadan kaldırıcı önlemler almak ve uygulamak. Periyodik kontrol, bakım ve ölçümleri planlamak, ISG eğitimlerini belirlemek ve uygulamak",İş Güvenliği Uzmanı,is_guvenlik_ve_saglik,,Mühendislik Hizmetleri ,Almer Çevre Denetim Müş.Müh.İş Sağ. ve Güv. Proje ,Tecrübeli ya da tecrübesiz adaylar
Sürekli / Tam zamanlı,Hizmet,"Ön Lisans(Mezun), Üniversite(Mezun), Yüksek Lisans(Mezun)","Ekip çalışmasına uygun, ,Seyehat engeli olmayan, ,İş Güvenliği ve Sağlığı mevzuatına hakim, ,C sınıfı İş sağlığı ve güvenliği sertifikasına sahip,,Aktif araç kullanabilen, ,İnsan ilişkilerinde başarılı, ,Güleryüzlü, ,Hızlı ve doğru karar verebilme yetisine sahip, ,İngilizce bilen, ,Erkek adaylar için askerlik hizmetini tamamlamış ,İŞ TANIMI,6331 sayılı İş sağlığı ve güvenliği kanunu ve yönetmelikleri kapsamında çalışmaların yapılması,,Yapılan çalışmaların takibi ve devamlılığının sağlanması, ,Sirkülasyondan dolayı oluşan eksik eğitim ve periyodik muayenelerin takibi ve eksiklerin tamamlanması için ilgili kişilerle beraber planlamaların yapılması,,şirketin evrak ve dokumantasyon sistemine, prosedürlerine uygun çalışılması",C Sınıfı İş Güvenliği Uzmanı,is_guvenlik_ve_saglik,İstanbul(Asya),Hizmet ,ATALIAN GLOBAL SERVICES,En az 2 yıl tecrübeli adaylar
,,,"Türkiye’de özel hastaneciliğin öncülerinden Medicana Sağlık Grubu, 25 yılı aşan sağlık deneyimi ile yatırımlarını ve geleceğin sağlık hizmeti standartlarını belirleme yolunda ilerleyişini sürdürüyor.,Medicana Sağlık Grubu’nun başarısını, Türkiye’deki yeni yatırımları Kadıköy, Bursa, Zincirlikuyu, Ataşehir ve İzmir hastaneleri ile güçlendirirken yakın coğrafyadaki diğer ülkelere de taşıma vizyonuyla hareket ediyor.,Dünyanın sayılı özel sağlık yatırımları arasında gösterilen, 13 hastaneden (genel amaçlı / diş hastaneleri) ve 6000’i aşan profesyonel çalışandan oluşan Medicana Sağlık Grubu, Türkiye’nin başta İstanbul ve Ankara olmak üzere bir çok ilinde, her branşta 7 gün 24 saat hasta güvenliği ve hasta bakımı kalite standartlarında hizmet veriyor. ,Pek çok alanda geleceğin sağlık hizmet standardını belirleyen Medicana Sağlık Grubu Hastanelerimizde çalışmak üzere;,En az ilköğretim mezunu, ,Tercihen en az 1 yıl kapalı/açık alanda hasta bakım deneyimi olan, ,Hasta güvenliği ve memnuniyeti odaklı çalışabilen, ,Kişisel ve mesleki gelişimine önem veren, ,İletişimi kuvvetli, ,Vardiyalı çalışabilecek, ,Tanı tedavi ve yaklaşımlar konusunda bilgi ve deneyim sahibi, ,‘Yardımcı Sağlık Personeli’, arıyoruz.,İŞ TANIMI,Hasta transferlerinde hastaların taşınmasına yardımcı olmak, ,Hasta bakımı, pozisyon değişimi sırasında hemşirelere destek vermek. ",Yardımcı Sağlık Personeli,is_guvenlik_ve_saglik,,,Medicana Sağlık Grubu,
,,,"GENEL NİTELİKLER VE İŞ TANIMI,Ankara İl’inde hizmet veren Ortak Sağlık ve Güvenlik Birimimizde çalışacak Tam Süreli “C sınıfı İş güvenliği Uzmanı” arıyoruz. ,Nitelikler; ,·,       ,C Sınıfı İş güvenliği Uzmanlığı Sertifikasına sahip, ,·,       ,İSG mevzuatına hakim,,·,       ,B sınıfı sürücü belgesine sahip,,·,       ,MS Office uygulamalarına hakim,,·,       ,Erkek adaylar için askerlikle ilişiği bulunmayan,, ,İŞ TANIMI,·,       ,İş güvenliği ile ilgili mevzuatlara uygun olarak sorumlusu bulunduğu projelerde gerekli çalışmaların yapılmasının sağlanması,,·,       ,Risk analizleri yapılması ve gerekli tedbirlerin alınmasının sağlanması,,·,       ,Çalışanlara mevzuata uygun İş Sağlığı ve Güvenliği Eğitimlerinin planlanması ve eğitimlerin verilmesi,,·,       ,Acil durum planlarının hazırlanması, acil durum ekiplerinin oluşturulması, acil durum tatbikatlarını yapılması,,·,       ,İşyerinde iş sağlığı ve güvenliği yönünden yapılması gereken periyodik bakımların plânlanması ve uygulamada gerekli kontrollerin yapılması,,·,       ,İşyerinde kaza, yangın veya patlamaların önlenmesi için mevzuata uygun çalışmalar yapılması ve gerekli kontrollerin gerçekleştirilmesi,·,       ,Çalışma ortamı gözetiminin sağlanması.",İş Güvenliği Uzmanı,is_guvenlik_ve_saglik,,,RİSK MÜhendislik Eğitim Danışmanlık San.ve Tic.Lt,
,,,"Ankara/Sarayköy'deki Fabrikamızda faaliyet gösteren İş Güvenliği Departmanımızda görevlendirilmek üzere aşağıdaki niteliklere uygun ,""İŞ SAĞLIĞI VE GÜVENLİĞİ YETKİLİSİ"", alınacaktır.,Üniversitelerin ilgili bölümlerinden mezun,,İleri düzeyde İngilizce bilgisi olan,,İşletmelerde Çevre, İş Sağlığı ve Güvenliği yönetimi ve uygulamaları ile ilgili Minimum 3 yıl İş güvenliği tecrübesi bulunan,,Esnek çalışma saatlerine uyum sağlayabilen,,Gerektiğinde yurtdışı projelerinde görev alabilecek,,OHSAS 18001 ve ISO 14001 doküman yönetim sistemini bilen,,MS Office programlarına hakim olmak,,Bakanlık onaylı en az C sınıfı iş güvenliği sertifikasına sahip olmak,,OHSAS 18001, ISO 14001 standartlarına hakim olmak,,Pratik çözüm üretebilen ve analitik düşünce yapısına sahip,,Etkin iletişim becerisine sahip,,İnsan ilişkileri kuvvetli ve ekip çalışmasına yatkın,",İş Güvenliği Mühendisi,is_guvenlik_ve_saglik,,,Dorçe Prefabrik Yapı ve İnşaat Sanayi Ticaret A.Ş.,
,,,"İş Sağlığı ve Güvenliği konularında faaliyet gösteren Şirketimizin Ortak Sağlık ve Güvenlik Birimlerinin çözüm ortaklığı sunduğu firmalarda görevlendirilmek için;,•Üniversitelerin ilgili fakültelerinden mezun,,•A - B veya C sınıfı,İş Güvenliği Uzmanı sertifikasına sahip,•İş sağlığı ve güvenliği ile ilgili yasal mevzuatlara hakim,•İş Sağlığı ve İş Güvenliği Yönetim Sistemleri, Teknik Emniyet, Yangın, Güvenlik, Eğitim, Sağlık ve Güvenlik Planı, Risk Analizi gibi konularda mevzuat, saha uygulaması ve teknik eğitim tecrübesine sahip,,•Acil Durum Planı hazırlanması, kaza istatistiklerinin oluşturulması konularında bilgi ve tecrübe sahibi,,•İş Sağlığı ve Güvenliği Kurul toplantılarına katılmış, raportör olarak görev almış,,•İş Sağlığı Güvenliği kapsamında eğitim ihtiyaç analizini yapıp gerekli eğitimleri verebilecek,,•Düzenli risk değerlendirmesini yaparak alınacak tedbirler konusunda önerilerde bulunacak,,•İş Sağlığı Güvenliği faaliyetlerini takip edecek ve denetimlerle gerekli müdahaleleri yapacak,,•İletişimi ve sunum yeteneği kuvvetli,,•Planlama, organizasyon ve analitik düşünme yeteneği gelişmiş,,•Seyahat engeli olmayan, Aktif araç kullanabilen,,•Erkek adaylar için askerlik hizmetini tamamlamış,,İŞ GÜVENLİĞİ UZMANLARI aramaktayız.",İş Güvenliği Uzmanı,is_guvenlik_ve_saglik,,,Ekvator İş Sağlığı Merkezi ve İş Güvenliği Hizm.,
,,,"Üniversitelerin Maden Mühendisliği, Makine Mühendisliği, Elektrik Mühendisliği, Metalurji Mühendisliği bölümlerinden mezun,,Çalışma Bakanlığı onaylı A sınıfı veya B sınıfı İş Güvenliği Uzmanı sertifikasına sahip olmak (Tercihen A Sınıfı ),,En az 5 yıl çok tehlikeli sınıfta yer alan Endüstri tecrübesine sahip, (Tercihen Yeraltı Mekanize veya Yeraltı Madeni ),İSG ile ilgili mevzuatlara hakim,,İş Sağlığı ve Güvenliği Yönetim Sistemleri, Yangın, Güvenlik ,Eğitim, Sağlık ve Güvenlik Planı ,Risk Analizi , vb. konularda saha uygulaması ve teknik eğitim tecrübesine sahip,,Kaza- olay araştırma raporlaması yapabilmek.,Askerlik görevini tamamlamış,,Ms Office programlarını iyi derecede kullanabilen,,Tercihen iyi düzeyde İngilizce bilgisi olan,,B Sınıfı sürücü belgesi olan ve aktif araç kullanabilen,,Seyahat engeli bulunmayan,,Elazığ veya tercihan Etikrom lojmanları bölgesinde ikamet edebilecek, takım arkadaşı aramaktayız.,İş Tanımı,Eti Krom tesisleri çalışanları ve alt yükleniciler (maden sahası ve fabrika alanı vs.) dahil olmak üzere tüm
,çalışanların İş Sağlığı ve Güvenliği mevzuatına uygun çalışmasını sağlamak, bunun için gerekli çalışmaları izlemek, yürütmek ve kontrol etmek,,Saha denetimleri yapmak, tehlikelerin tanımlanması ve İSG risk değerlendirmesi yapmak,,İSG ve mevzuatın gerektirdiği tüm belge ve dökümanların zamanında ve eksiksiz hazırlanması,,İSG oryantasyon eğitimleri ve Genel İSG eğitimlerinin verilmesi,,Saha denetimlerinin günlük olarak raporlanması,,İSG konusundaki gerekli çözümleri ilgili departmanlarla geliştirmek ve uyarlamak.",İş Güvenliği Mühendisi,is_guvenlik_ve_saglik,,,Eti Krom A.Ş.,
,,,"Tercihen Üniversitelerin ,Mühendislik ,bölümlerinden mezun,,B sınıfı ,İş Güvenliği Uzmanlığı sertifikasına sahip,,İş sağlığı ve güvenliği ile ilgili mevzuatlara hakim, saha uygulamaları konusunda deneyimli,,Tercihen iyi derecede İngilizce bilen,,MS Office programlarını etkin düzeyde kullanabilen,,Analitik düşünme, problem çözme, kök neden araştırma ve etkin aksiyon takipleri konusunda istekli ve yetkin,,Takım çalışmasına yatkın, iletişim becerileri güçlü, planlama ve raporlama becerileri gelişmiş,,Proje bazlı çalışmalar konusunda tecrübeli,,Seyahat engeli olmayan,,B sınıfı ehliyeti olan ve aktif araç kullanabilen,,Erkek adaylar için askerlik hizmetini tamamlamış,,İstanbul Avrupa yakasında ikamet eden (Arnavutköy, Avcılar, Esenyurt, Büyükçekmece, Beylikdüzü)., ,İŞ TANIMI,Konteyner taşımacılığı yaptığımız depo ve garajlarımızdan sorumlu olacaktır.,İş Sağlığı ve Güvenliği ile ilgili tüm yasal yükümlülüklerin yerine getirilmesi ve uygulamaların sürekliliğinin sağlanması,,Tüm faaliyetlerin, iş sağlığı ve güvenliği mevzuatına ve genel iş güvenliği kurallarına uygun olarak sürdürülmesi,,Risk analizi ile gerekli önlemlerin zamanında alınması ve ilgili raporlamaların yapılması,,İş Sağlığı ve Güvenliği konusunda eğitimlerin verilmesi, faaliyetlerinin takip edilmesi ve denetimlerle gerekli müdahalelerin yapılması,,İş Sağlığı ve Güvenliği uygulamalarının standardının artırılmasına katkıda bulunulması.",İş Güvenliği Uzmanı,is_guvenlik_ve_saglik,,,ARKAS LOJİSTİK AS.,
,,,"Adecco Grup, merkezi İsviçre’de ve 60’tan fazla ülke ve bölgede yaklaşık 33.000 çalışanı ve 5.500 şubesiyle her gün 750.000’in üzerinde kişiye iş imkanı sağlayarak 100.000’in üzerinde firma ile buluşturan Adecco, İnsan Kaynakları ve istihdam çözümleri konusunda dünya lideri olan Adecco, global bakış açısı ile lokal ihtiyaçların çözümlenmesinde geniş bilgi birikimini müşterileriyle paylaşmaktadır. Adecco Group bir Fortune 500 firması olup, SIX Swiss Exchange borsanına kotedir. ,Danışmanlığını yapmakta olduğumuz,  ,Uluslararası Sivil Toplum Kuruluşu  ,için  ,Sağlık Aracısı, ,aramaktayız.,Sağlık Aracısı , İş Tanımı :,Mobil Hizmet Biriminin ve nakil aracının hizmet sunduğu toplum içerisinde yaşayan ve ihtiyacı olan kişileri saptar ve koruyucu sağlık hizmetlerine erişimi sağlar.,Sağlık aracısı hizmetlerini ve aktivitelerini ebe / hemşi,re ve sosyal hizmet uzmanının,süpervizyonu altında sürdürür.,Çevresine hastalıkları ve erken ölümleri önleme konusunda bilgi kaynağı kişi ve  rol model olur.,Hastalık ve erken ölümleri önleme, sağlığı geliştirme bilgisinin hedef nüfus içerisinde yayılmasını sağlar.,Toplum içerisindeki acil vakalar, kanamalı, ateşli has,ta,, ishal, kusma gibi acil durum ifade eden durumları saptar ve sağlık kuruluşlarına yönlendirilmesinde destek sağlar.,Özellikle doğum öncesi ve sonrası bakım almamış gebe, bebek, lo,h,usa, 15-49 yaş grubu kadınları saptayarak hizmetlere,erişimlerinde, aracılık yapar.,Mevsimlik tarım işçisi olarak çalışan ailelere tarlada sağlıklı yaşam ve çalışma alanları oluşturma konusunda bilgi verir.,Hekim, ebe, /, hemşire tarafından muayenesi yapılan kişilerin, sunulan önerileri anlamasında yardımcı olur, mesajların doğru aktarıldığından emin olur ve,yapılan önerilerin davranışa dönüşmesi için kişileri ziyaret ve destekleyici çalışmaları yapar.,Mobil hizmet birimlerinin ,organize edeceği farkındalık toplantılarına katılım sağlanması konusunda çaba harcar.,Hastalıkları ve erken ölümleri önleme konusunda verilen temel mesajların/eğitimin kültüre uygun düzenlenmesine katkı verir.,Erken yaş evliliğinin önlenmesi, iki yıldan kısa gebelik aralığının önlenmesi gibi davranışların kültürün parçası haline gelmesi için uygun mekanizmaların oluşturulmasına rehberlik eder.,Psiko-sosyal sorunu olan, şiddete uğrayan kişilerin sosyal hizmet uzmanı ile görüşmesini sağlar, toplumda sosyal destek mekanizmalarının kurulmasına yardımcı olur.,Hekim/ebe/sosyal hizmet uzmanı tarafından yapılan önerilerin davranışa dönüşmesi için kişileri ziyaret ve destekleyici çalışmaları yapar.,Sahada duyum aldığı sağlık ve koruma riski bulunan  konulara (madde kullanımı, çocuk yaşta evlilik girişimi, bulaşıcı hastalık) ilişkin ekibi bilgilendirir ve önlem alınmasına destek olur.,Türkiye’deki kayıt süreci, sosyal uyum yardımı gibi Türkiye’de yaşayan yabancıların hakları konularında temel bilgileri yaygınlaştırır ve ihtiyaç sahibi nüfusu tespit ederek; sosyal hizmet uzmanı ile görüşmelerini sağlar.,İhtiyaç sahibi kişilerin sağlık ve koruma alanlarında ihtiyaç duydukları hizmetlere nakil aracı ile erişimlerini kolaylaştırmak üzere bu kişilere eşlik eder.,Asgari Yeterlilik ve Deneyim,En az ilköğretim mezunu olmak,,Hedef grubun mensup olduğu topluluk içinden ve gelişmiş liderlik becerilerine sahip olmak,,Arapça, Kürtçe, İngilizce biliyor olmak (tercih sebebidir.),,Microsoft Office, Windows tabanlı uygulamaları kullanabilmek,,Çalışmaya engel herhangi bir sağlık sorunu olmamak,Etkin iletişim becerisine ve gelişmiş sosyal ve sözel beceriye sahip olmak,,Hassas gruplarla (göçmen, kadın, erkek, çocuk, engelli, yaşlı vb.) çalışma alanında deneyim sahibi olmak (Tercih sebebidir),,Saha deneyimine sahip ve gönüllü olmak ,(Tercih sebebidir),,Adana, Bursa, İzmir, Mersin ve Şanlıurfa illerinde ikamet eden ve/veya ikamet edebilecek olmak, sahada (kırsal alanlarda) çalışmaya uygun olmak,,Her türlü fiziki ve iklim koşullarında çalışma ve seyahat engeli olmamak,,Çalışmaya engel herhangi bir sağlık sorunu olmamak,,Esnek çalışma saatlerinde çalışmaya uygun olmak.,Erkek adaylar için askerlikle ilişkisi bulunmamak veya muvazzaflık hizmetini yapmış yahut en az 31.07.2020 sonuna kadar tecilli olmak,,Adecco, İşkur'un denetiminde 26.12.2013 tarihli 442 No'lu lisans sahibi özel istihdam bürosudur.",Sağlık Aracısı,is_guvenlik_ve_saglik,,,ADECCO İSTİHDAM HİZMETLERİ LTD.ŞTİ.,
,,,"C sınıfı iş güvenliği uzmanı belgesi sahibi,,İş sağlığı ve güvenliği mevzuat ve yönetmeliklerine hakim,,MS Office programlarına ve bilgisayar kullanımına iyi derecede hâkim, gerekli raporlamaları bilgisayar ortamında yapabilen,,Takım çalışmasına yatkın, analitik düşünme yetisine sahip, sorumluluk sahibi ve disiplinli,,İnsan ilişkileri ve iletişimi kuvvetli, iyi organize olabilen ve sonuç odaklı çalışabilen,,Sahada uygulamada tecrübeli,,Erkekler adaylar için ,askerlik hizmetini tamamlamış.",İş Güvenliği Uzmanı,is_guvenlik_ve_saglik,,,ME-BE-SA AMBALAJ ORMAN ÜRÜNLERİ TEKSTİL SAN. TİC.,
Sürekli / Tam zamanlı,Genel Başvuru,,"Van çevresinde yapımına başlanacak Rüzgar Enerji Santrali Projesinde görevlendirilmek üzere, ,1- A,B sınıfı İSG U. belge sahibi,,2- İnşaat projelerinde çalışmış Tercihen vinç, kaldırma araçları, yüksekte çalışma, Şalt sahası yapımı gibi işlerde çalışmış veya konuyu bilen,3- Yönetim kabiliyeti yüksek. Enerji sektörü ile ilgili,,4- B sınıfı Ehliyeti bulunan. Aktif araç kullanabilen.,5- Ofice programlarını iyi kullanabilen Word-exel –powerpoint- outlook,6- Haftanın 6 günü 8-19 sahada full time çalışabilecek. İSG Uzmanı Mühendis aranmaktadır.,Beklenen;,1-Sahada hazırlanmış İSG Planı ve Risk Analizlerine göre ve TC İSG mevzuatı ışığında sahayı denetlemek.,2-Çalışanlara Saha İşe başlama eğitimlerinin hazırlanmış eğitimlere göre verilmesi,,3-Sahada sabah günlük toolbox eğitimi verilmesi.,4- Sahanın gün içinde denetlenmesi ve olumlu olumsuz olayların günlük olarak rapor edilmesi.,5-Sahada meydana gelen olayların raporlanması,,6-Çalışanlara İş güvenliği yönünden yol göstermek,7- Çalışana araç verilecektir. (Araç kullanamayan arkadaşlar lütfen başvuru yapmasın),8- Kalacak yer şehir merkezinde sağlanabilir.,Titiz çalışabilecek arkadaş ile çalışılacaktır",İş Güvenliği Uzmanı,is_guvenlik_ve_saglik,,İş Sağlığı ve Güvenliği,Takip İş Sağlığı ve Güvenliği LTD. ŞTİ.,En az 3 yıl tecrübeli adaylar
,,,"Türkiye’de yasalarla çerçevesi belirlenmiş OSGB hizmet alanını, uluslararası standartlara yükseltmek amacıyla yapılanan ve sektörün ilk kurumsallaşmış firmalarından olan Wellpoint Şirketler Grubu hizmet verdiği uluslararası firmalarda görevlendirilmek üzere,A, B ve C Sınıfı İş Güvenliği Uzmanı,pozisyonunda görev alacak takım arkadaşını arıyor. ,10 seneyi aşkın süredir iş sağlığı ve güvenliği alanında hizmet vermekte olan Wellpoint Şirketler Grubu, bünyesinde bulunan 6 şirket ile iş sağlığı ve güvenliği, eğitim, evde bakım hizmeti, çağrı merkezi, dış ticaret, marka danışmanlığı ve iletişim alanlarında etkili ve güçlü çözümler üretmektedir. Teknik altyapısını özgün yazılımlarla günden güne güçlendiren Wellpoint, insan kaynağına yaptığı eğitim yatırımlarıyla alanındaki yetkinliği her gün artırmaktadır.,Çalışma ve Sosyal Güvenlik Bakanlığı İGU sertifikası olan, ,Üniversitelerin Mühendislik fakültelerinden ya da İSİG Meslek Yüksekokulu mezunu, ,Çevre, İş sağlığı ve Güvenliği mevzuat ve yönetmeliklerine hakim, ,MS Office programlarını etkin kullanabilen, ,İnsan ilişkilerinde başarılı, sözlü ve yazılı iletişim becerileri kuvvetli olan, ,Tam zamanlı/yarı zamanlı olarak çalışabilecek, ,Tercihen İngilizce bilgisine sahip İş Sağlığı ve İş Güvenliği ile ilgili yasal yükümlülüklerin takip, plan, prosedür ve talimatların hazırlanması ve süreçlerinin iyileştirilmesi, ,Çalışanlara ilgili mevzuata uygun olarak verilecek iş sağlığı ve güvenliği eğitimlerinin planlaması, eğitimlerin verilmesi ve sonuçlarının raporlanması, ,Risk analizlerinin yapılması, alınacak tedbirlerin planlanması ve uygulamanın takibinin yapılması, ,Ekip çalışmalarında uyumlu, Ekip yönetimi konusunda tecrübeli.",İş Güvenliği Uzmanı,is_guvenlik_ve_saglik,,, Wellpoint Group of Companies,
,,,"İş Güvenliği Uzmanı,
,A, B veya C sınıfı iş güvenliği sertifikasına sahip, ,İş sağlığı ve güvenliği konusunda tecrübe sahibi, ,Eğitim ve sunum teknikleri konularına hakim, ,İSG konularında saha deneyimi olan, ,İyi bir takip yapma ve dokümantasyon ve kayıt tutma becerisine sahip olman, ,Analitik düşünebilen, ,Proje takibi yapabilen, ,Etkin iletişim becerisine sahip olan, ,Esnek çalışma saatlerine uyum sağlayabilecek, ,MS Office uygulamalarına hakim olman, ,Diğer birimlerle koordinasyon içinde çalışma becerisine sahip olan, ,Mevzuat bilgisi ve takibi yapabilecek (İSG, Yangın, OHSAS 18001), ,Sürücü belgesi olan / Seyahat engeli olmayan, ,Erkek adaylar için askerlik hizmetini tamamlamış, ,ESKİŞEHİR ve/veya komşu illerde ikamet edebilecek. ,İŞ TANIMI,
,İş Sağlığı ve Güvenliği ile ilgili iç ve dış kaynaklı eğitimleri planlamak ve uygulamak,,İş Güvenliği risk değerlendirme çalışmalarını yapmak, ,İş kazası ve ramak kala olay analizlerini yapmak ve raporlamak, ,Acil durum planı ve patlamadan korunma dokümanını hazırlamak, ,İş güvenliği saha denetimi planını hazırlamak, saha denetimlerini gerçekleştirmek ve raporlamak,,İSG mevzuatlarını takip etmek ve OHSAS 18001 İSG yönetim sistemi uygulamalarını sürekli geliştirmek,,Yürütülen faaliyetler ve çalışma alanlarında yapılacak değişikliklerle ilgili İSG açısından gerekli inceleme ve çalışmaları gerçekleştirmek,,İSG konusunda gerekli istatistikleri, yıllık çalışma planı ve raporlamaları  hazırlamak,,Tüm Birimlere İSG konusunda rehberlik ve danışmanlık hizmetlerinin vermek. ,Sorumlu olduğu tüm projelerle ilgili gerekli dosyalama raporlama çalışmalarının yürütülmesi ve Genel Müdür'e rapor edilmesi.,Aktif araç kullanabilecek ve seyehat engeli olmayacak. ","İş Güvenliği Uzmanı (A,B,C)",is_guvenlik_ve_saglik,,,İKİ EYLÜL ORTAK SAĞLIK VE GÜVENLİK BİRİMİ,
,,,"-Mühendislik fakültesi mezunu,,-En fazla 3 yıl deneyime sahip,,-En az orta derecede ingilizce konuşup yazabilen, ,-En fazla 30 yaşında,,-Eskişehir ve Bozüyükte ikamet edebilecek,,-C Sınıfı İş Güvenliği Uzmanlık belgesine sahip,,-Çözüm odaklı ve kriz anında karar verebilen iş güvenliği uzmanı aramaktayız.,İŞ TANIMI,TORRECİD TÜRKİYE,Torrecid 1963 yılında kurulmuş Seramik ve Cam üretim sektörlerine ürün, hizmet, çözümler ve gelecek trendleri sağlayan çokuluslu iş grubudur.,Torrecid Grup ana merkezi İspanya-Alcora Castellon da yer almakta olup, 28 ülkede şubesi bulunmaktadır. Bunun yanısıra 130'dan fazla ülkeye de hizmet vermektedir.,Torrecid stratejisi yeni çözümler ve gelecek avantajları yaratmak için innovasyon ve maksimum ilave değer temeline dayanmaktadır.,Torrecid Grup bünyesinde yaklaşık 4500 çalışanı bulunmaktadır.,İş güvenliği uzmanı iş tanımı:,-İş Sağlığı ve Güvenliği ile ilgili yasal yükümlülüklerin takip, plan, prosedür ve talimatların hazırlanması ve süreçlerin iyileştirilmesi,,-İSG ile ilgili eğitimleri planlamak ve uygulamak,,-Tehlike tanımlama, risk değerlendirme çalışmalarının yürütülmesi, risk azaltma çalışmalarının yapılması,,-Acil durum eylem planlarını hazırlamak ve uygulamaları takip etmek.",İş Güvenliği Uzmanı,is_guvenlik_ve_saglik,,,TORRECID SERAMİK FRİT VE GLAZÜR SAN VE TİC LTD ŞTİ,
,,,"GENEL NİTELİKLER ,Nida Turizm   toplam 3.000 adet / günlük personel servis organizasyonunu İstanbul , Kocaeli , Eskişehir ve Tekirdağ / Çerkezköy Bölgelerinde gerçekleştirmektedir. ,Şirketimiz 33 yılın  vermiş olduğu tecrübesi, eğitimli ve uzman kadrosuyla maksimum derecede müşteri memnuniyetini hedeflemiş ve bu hedefine ulaşmıştır. Şirket politikamız sürekli eğitim ve kendini yenileyerek çağın gerektirdiği şartlara uygun olarak kaliteli, güvenli, titiz ve optimum hizmeti sağlamaktır.,İŞ TANIMI,Mevcut öz mallarımız olan servis araçlarımız ve sözleşmeli çalışmakta olduğumuz tedarikçilerimizin araç ve sürücülerinden sorumlu olarak; temizlik, hijyen, sağlık hizmetleri, tüm teknik hizmetler (bakım-onarım), ulaşım (havuz araçları-servisler),  iş sağlığı ve güvenliği hizmetleri, her türlü küçük ve büyük etkinlikler / organizasyonların yönetimi ile ayrıca çalışanları verimli ve etkin bir şekilde koordine ederek, hedeflenen  yüksek hizmet kalitesi ve standartlarında , departman hedeflerine ulaştırabilmesi beklenmektedir,B  veya C   Sınıfı İş Güvenliği Uzmanı sertifikasına sahip,,Sahada araç ve sürücü denetlemesi yapabilecek ,                                ,Yönetsel becerisi ve İletişim becerileri yüksek ,Çalıştığımız kurumlara gerekli hallerde rapor verebilecek,,Üniversitelerin ilgili bölümlerinden mezun,,Benzer bir pozisyonda( lojistik veya  personel servis taşımacılığı gibi) en az 2 yıl deneyim sahibi,İş Güvenliği konusunda uygulama çalışmalarında bulunmuş,,İş yeri hekimi ve diğer İSG personelleri ile koordineli çalışabilecek    ,Ekip yönetimi, personel eğitimi ve koordinasyonu konularında tecrübeli,MS Office programlarını iyi derecede kullanabilen,,Yeniliklere ve gelişime açık,,Dinamik bir çalışma ortamının gerektirdiği zamansal esnekliğe sahip,,Esnek çalışma saatlerine ve yoğun iş temposuna uyum sağlayabilecek,,Aktif olarak araç kullanabilen,       ,İstanbul’da  ikamet eden    ,Askerliğini yapmış,,Erkek takım arkadaşları arıyoruz.",Kalite ve İş Güvenliği Yöneticisi,is_guvenlik_ve_saglik,,,Nida Turizm Seyahat Pazarlama San. ve Tic. Ltd. Ş,
,,,"Genel Nitelikler;,Lise(Mezun), Ön Lisans(Mezun), Üniversite(Mezun) İlgili Sağlık bölüm mezunu,,Çalışma ve Sosyal Güvenlik Bakanlığı geçerli Diğer Sağlık Personeli(DSP) sertifikasına sahip,,İş Sağlığı ve Güvenliği mevzuatına hakim,,Kan alma ve damar yolu açma bilgisine sahip,,Temel yaşam desteği ve acil tıbbi müdahaleler konusunda bilgi ve pratik deneyimi olan,,MS Office programlarını kullanabilen,,İnsan ilişkilerinde başarılı, sorumluluk bilincine ve iş disiplinine sahip,,Erkek adaylar için askerlik hizmetini tamamlamış,,İş Tanımı;,Tesis içerisinde ani hastalık ve kaza durumlarında ilk yardım ve gerekli tıbbi müdahaleyi yapmak,,Çalışanlara poliklinik hizmeti ile tedavi edici ve koruyucu hizmetlerinin yürütülmesi faaliyetlerinde işyeri hekimine destek vermek,,İlaçların teminini sağlayıp dağıtmak,,Periyodik muayenelerin organizasyonunu yapmak,,Hijyen denetimlerini, su ve gıda numunelerinin analizlerini, portör muayenelerini takip etmek,,Revirin diğer ihtiyaçlarının takibini yapmak,,Çalışanlar ait sağlık kayıtlarını düzenlemek eksikliklerin giderilmesini sağlayacak çalışma arkadaşı aramaktayız.",Sağlık Memuru,is_guvenlik_ve_saglik,,,Boyçelik Metal Sanayi ve Ticaret A.Ş.,
Sürekli / Tam zamanlı,Sağlık,,"Biorezonans sistemi ile duygusal bağımlılık, yeme bağımlılığı, sigara ve alkol gibi bağımlılık tedavileri. ,Rezonans ile ilgili tüm eğitimler sıfırdan verilecektir.,Çalışacak kişiye en baştan herşey en ince ayrıntısına kadar öğretilecek.",Sağlık Personeli,is_guvenlik_ve_saglik,,Diğer,Diyet/m,Tecrübeli ya da tecrübesiz adaylar
,,,"Genel Nitelikler,En az Lisans düzeyinde üniversite mezunu olan, (tercihen Kimya / Kimya Mühendisliği,,İSG alanında en az 5 yıllık deneyimi olan,,A Sınıfı İş Güvenliği Sertifikasına sahip,,Çok iyi derecede İngilizce bilen,,MS Office uygulamalarına hakim,,Yurtiçi ve yurtdışı seyahat engeli olmayan,,İnsan ilişkilerinde başarılı, ekip çalışmasına yatkın,,Planlama, takip, kontrol ve raporlama yeteneğine sahip.,Yeniliğe açık, yaratıcı ve gelişim odaklı,,Erkek adaylar için askerlik görevini tamamlamış,,Yalova veya Karamürsel’de ikamet eden/edebilecek adaylar aranmaktadır.,İş Tanımı;,6331 sayılı İş Sağlığı ve Güvenliği Kanununun 30 uncu maddesinde tanımlanan “İş Güvenliği Uzmanı” olarak ve İş Sağlığı ve Güvenliği Kanununun 6 ncı, 8 inci ve 30 uncu maddelerinde tanımlanan İş Sağlığı ve İş Güvenliği hizmetlerini İşyeri Hekimi ile birlikte yerine getirmek.,İş sağlığı ve güvenliği faaliyetlerinin yönetimini ve yürütülmesini sağlamak.,İş Güvenliği önlemlerinin sağlanması, iş kazalarının ve meslek hastalıklarının önlenmesi için alınacak önlemlerin belirlenmesi, denetlenmesi ve uygulanmasının izlenmesi hizmetlerini yürütmek.,ISG yönetim sistemi şartlarının OHSAS 18001 standardına uygun olarak oluşturulmasına, uygulamasına ve sürdürülmesine destek olmak. ISG yönetim sisteminin iyileştirilmesi için bir temel oluşturacak ve gözden geçirilmek üzere üst yönetime sunulacak ISG yönetim sistemi performansı hakkındaki raporları sağlamak,Şirket faaliyetlerinin tüm basamaklarında, İSG kurallarına ve yasal gerekliliklerine uygun çalışılmasını temin etmek ve bu konuda gerekli tedbirlerin ve eğitimlerin alınmasını sağlamak. İSG konularında resmi mevzuatı takip etmek, mevzuat gerekliliklerini yerine getirmek için çalışmalar yapmak,Ak-Kim içerisinde, çalışma izni gerektiren durumların belirlenerek, güvenli şekilde faaliyetin gerçekleştirilebilmesi için sistemin kurulmasını ve denetim sisteminin oluşturulmasını sağlamak,,Fabrikadaki tüm çalışanların periyodik yangın, ve iş güvenliği konularında ihtiyaç duyduğu eğitimleri belirlemek ve gerçekleştirilmesini sağlamak,,Çalışma risklerinden kaynaklanabilecek tehlikeleri en aza indirecek doğrultuda ekipman ihtiyacını belirlemek ve gerekli revizyonların yapılmasını sağlamak.,İSG ile ilgili konularda Üst Yönetime ihtiyaç ve önerileri bildirmek.",İş Güvenliği Uzmanı,is_guvenlik_ve_saglik,,,AK-KİM KİMYA SAN TİC.A.Ş.,
,,,"2004 yılında çıkmış olduğu yolda yetiştirmiş olduğu sayısız öğrenci ile bilimsel platformlarda, kültür-sanat ve spor dallarında Türkiye ve Dünya çapında sayısız başarılara imza atarak adından sıkça söz ettiren Okyanus Kolejleri, emin adımlarla hedefine doğru ilerlemektedir. Anaokulu ve ilkokulda UPGRADE, Ortaokulda P-wise, Lisede KEYS ve tüm kademelerde uygulanan YETENEK SİSTEMİ Pearson Assured tarafından Akredite edildi. Okyanus Öğretmenleri öğrencilerini bütüncül yaklaşımlarla, her yaş grubunun ihtiyacını karşılayacak ve onları hayata hazırlayacak eğitim içerikleriyle donanmış bir sistemle yetiştiriyorlar. , SEN DE ARAMIZA KATIL, SEN DE OKYANUS OL ! ,Minimum Sağlık Lisesi Mezunu ,Takım çalışmasına yatkın ve uyumlu, ,İletişim yeteneği kuvvetli ve motivasyonu yüksek, ,Yeniliklere açık ve kişisel gelişim konusunda istekli.,İŞ TANIMI, ,Öğrencilerin tıbbi konularda dinlenmesi, gerektiğinde doktora bildirilmesi, tedaviye hazırlanması, ,Tedavi için gerekli kayıt, bakım ve uygulamaları doktorun direktifleri doğrultusunda yürütülmesi, ,İlk yardım ve acil müdahale uygulayabilir olması, ,Hasta bakımının ve takibinin yapılması, ,Hemşirelik bakımında gerekli olan teknik kurallarına uyulması ve düzenli olarak yapılması vb. sorumlulukları üstlenecek,",Sağlık Personeli,is_guvenlik_ve_saglik,,,OKYANUS KOLEJLERİ,
,,,"Erkurt Holding, 40 yılı aşan tecrübesiyle, 5 sanayi, 2 uluslararası ticaret, 1 lojistik, biri Türkiye’de diğeri yurt dışında olmak üzere 2 JV şirketi ile 1 eğitim vakfı ve 1 Ar-Ge şirketi olmak üzere toplam 12 şirketten oluşan bir yapıdır. İstanbul, Bursa, Adapazarı, Gölcük ve Cezayir’in Oran şehrinde, 1200 çalışanımızla faaliyet göstermekteyiz. ,Otomotiv sektöründe faaliyet gösteren Holding'imize bağlı şirketimizde çalışmak üzere;,Üniversitelerin Mühendislik fakültelerinden mezun,, ,C ya da  B Sınıfı İş Güvenliği Uzmanlığı sertifikasına sahip,,Konusunda en az 3 yıl deneyimli,, ,İnsan ilişkilerinde başarılı, sözlü ve yazılı iletişim becerileri kuvvetli olan, ,Seyahat engeli olmayan,, ,Sürücü belgesi olan ve aktif araç kullanabilen,, ,İş Sağlığı ve Güvenliği alanında bilgi ve deneyim sahibi,,Dokümantasyon ve raporlama süreçlerine hakim, ,Erkek adaylar için askerlik hizmetini tamamlamış, ,Planlama ve raporlama yönü gelişmiş ve gelişime açık, ,ISG Yasal mevzuatlarına, yönetmelik, İş Hukuku ve SGK mevzuatına hakim,,İş Güvenliği Uzman,ı ,alınacaktır.,İŞ TANIMI,Şirketin iş sağlığı ve güvenliği performansının korunması ve geliştirilmesine katkı sağlamak,Çalışma ortamının gözetimini yapmak; işyerinde İş Sağlığı ve Güvenliği mevzuatı gereği, yapılması gereken periyodik bakım, kontrol ve ölçümlerin planlanması ve uygulamalarının kontrol etmek,,İş Sağlığı ve Güvenliği kurul toplantılarına katılmak, kurula işyerinin konu ile ilgili durumu hakkında bilgi vermek ve önerilerde bulunmak,İşyerinde kaza, yangın ve patlamaların önlenmesi için mevzuata uygun çalışmaların yapılması; gerekli periyodik bakımların yapılmasının planlanması,Risk Analizi Yönetmeliği kapsamında, hizmet verilen işyerinin risk analizinin yapılması,Eğitim ve çalışma planlarının hazırlanması ve uygulanması,,Çalışanların İş Sağlığı ve Güvenliği Eğitimlerinin Usul ve Esasları Hakkındaki yönetmelik esaslarına uygun olarak çalışanların eğitimlerinin verilmesi.,İş Sağlığı ve Güvenliğine ilişkin düzeltici ve önleyici faaliyetlerin gerçekleştirmek,",İş Güvenliği Uzmanı,is_guvenlik_ve_saglik,,,ERKURT HOLDİNG A.Ş.,
,,,"İmalat bakım çalışmaları yapılmakta olan firmamızda çalıştırılmak üzere tam zamanlı, İş Güvenliği Uzmanı ,arayışımız bulunmaktadır. İş güvenliği konusunda tecrübe tercih nedeni olmakla beraber katkı sağlayabilme heves ve yeteneği kriterlerimizde en üst sıradadır. ,Belge kriterlerini sağlamayan adayların mevcut ve açılabilecek diğer kadrolar için değerlendirmeleri yapılamayacağından başvuru yapmamaları rica olunur. ,• Üniversitelerin Mühendislik Fakültelerinden veya teknik öğretmenlik bölümlerinden mezun, ,• ""A"" Sınıfı İş Güvenliği Uzmanlık belgesine sahip yada 2020 yılı başlarına kadar A sınıfı sınava girme hakkı elde edecek olan, ,• Mevzuat ve işyeri gereklilikleri için, kalite yönetim sistemine uygun evrak hazırlama konularında beceri sahibi,, • Ekip çalışmasına uyumlu önemini bilen, pozitif, ikna kabiliyeti yüksek, iletişim becerileri kuvvetli, ,• Etkin eğitim verebilen, verdiği eğitimlerin personel tarafından alındığını önemseyen. ,• Sunum ve sunum materyallerini hazırlayabilecek, sürekli güncel tutabilecek. ,• İngilizce konuşma anlama B1 seviyesi üzerinde olan, ,• Erkek adaylar için; askerlik hizmetini tamamlamış,,• Öğrenmeye ve öğretmeye istekli işini ciddiye alan tercihen 27 - 40 yaş arası adaylar , İş Tanımı , • Mevzuat ve güncel iyi uygulamalar ışığında, kalite yönetim sistemlerine ve işyeri kurallarına uygun şekilde iş güvenliği uzmanlarının görev yetki ve sorumluluklar hakkında yönetmelikte belirtilen maddelerin ve diğer gerekliliklerin iş yerinde uygulanması. ,• İşyerinde kazaların ve meslek hastalıklarının önlenmesi ile ilgili yapılacak çalışmaların planlanması ve uygulamasına aktif profesyonel katkı sağlamak. ,• İş güvenliğinin tesisi ve yürütülmesinde hedefler konulması ve bu hedeflerin aktif uygulamalarının yapılmasını sağlanması için saha çalışmaları ve çözüm üretimi. ,• Eğitim bilgilendirme, pano çalışmaları. ",İş Güvenliği Uzmanı,is_guvenlik_ve_saglik,,,Sektöründe Öncü Firma,
,,,"2004 yılında çıkmış olduğu yolda yetiştirmiş olduğu sayısız öğrenci ile bilimsel platformlarda, kültür-sanat ve spor dallarında Türkiye ve Dünya çapında sayısız başarılara imza atarak adından sıkça söz ettiren Okyanus Kolejleri, emin adımlarla hedefine doğru ilerlemektedir. Anaokulu ve ilkokulda UPGRADE, Ortaokulda P-wise, Lisede KEYS ve tüm kademelerde uygulanan YETENEK SİSTEMİ Pearson Assured tarafından Akredite edildi. Okyanus Öğretmenleri öğrencilerini bütüncül yaklaşımlarla, her yaş grubunun ihtiyacını karşılayacak ve onları hayata hazırlayacak eğitim içerikleriyle donanmış bir sistemle yetiştiriyorlar. , SEN DE ARAMIZA KATIL, SEN DE OKYANUS OL ! ,Minimum Sağlık Lisesi Mezunu ,Takım çalışmasına yatkın ve uyumlu, ,İletişim yeteneği kuvvetli ve motivasyonu yüksek, ,Yeniliklere açık ve kişisel gelişim konusunda istekli.,İŞ TANIMI, ,Öğrencilerin tıbbi konularda dinlenmesi, gerektiğinde doktora bildirilmesi, tedaviye hazırlanması, ,Tedavi için gerekli kayıt, bakım ve uygulamaları doktorun direktifleri doğrultusunda yürütülmesi, ,İlk yardım ve acil müdahale uygulayabilir olması, ,Hasta bakımının ve takibinin yapılması, ,Hemşirelik bakımında gerekli olan teknik kurallarına uyulması ve düzenli olarak yapılması vb. sorumlulukları üstlenecek,",Sağlık Personeli,is_guvenlik_ve_saglik,,,OKYANUS KOLEJLERİ,
Sürekli / Tam zamanlı,Lojistik,,"Mersin ilinde ikamet eden veya edebilecek olan,Psikoteknik Değerlendirme Belgesine sahip,SRC 5 Belgesine sahip,C, D, E sınıfı ehliyetlerden birine sahip olan,,Seyahat engeli olmayan,Esnek çalışma zamanlarına uyum sağlayan.,Tanker Şoförü aramaktayız",Tanker Şoförü,is_guvenlik_ve_saglik,,"Enerji, Petrol ve Ürünleri, Gıda, İnşaat",Kadooğlu Petrol,
Sürekli / Tam zamanlı,Genel Başvuru,,"İştirakimiz olan OSGB firması bünyesinde, ,Adana ve/veya çevre illerde, görev almak üzere,,İsg-Katip sistemine kayıtlı,,Hemşire, Acil Tıp Teknisyeni, Paramedik ve benzeri diplomaya sahip,,Enjeksiyon, kan alma gibi işlemleri yürütebilecek,,SFT, odio ve benzeri gereçleri kullanabilen,,MS Office programlarını kullanabilen,,Temiz, titiz ve dış görünüşüne özen gösteren,,Takım çalışmasına yatkın,,Tam zamanlı görev alacak sağlık personeli (DSP), ekip arkadaşı arıyoruz.",Diğer Sağlık Personeli,is_guvenlik_ve_saglik,,İnşaat,Canfen İnşaat Anonim Şirketi,Tecrübeli ya da tecrübesiz adaylar
,,,"Türkiye’de modern ve güvenilir sağlık hizmeti sunan, sağlıkta yeniliklerin öncüsü Grubumuz; ISO9001 belgesinin yanı sıra, Alman TÜV ve American Joint Commission International akreditasyon belgelerine sahip olup, Türkiye’de, Ortadoğu’da, Kuzey Afrika, Doğu Avrupa ve Orta Asya’da birçok branşta referans merkezi konumdadır. Çeyrek asrı aşkın deneyimiyle pek çok alanda ve branşta hizmet vererek yeniliklerin öncüsü olmaya devam eden Grup Florence Nightingale olarak;,En az ilköğretim, tercihen lise mezunu, ,Tercihen alanında deneyimli, ,Hasta ve hasta yakınlarının memnuniyetini işinin her aşamasında ön planda tutabilecek,,Ekip çalışmasına yatkın, ,Vardiyalı çalışabilecek, ,Askerlik hizmetini tamamlamış(erkek adaylar için), ,Avrupa yakasında ikamet eden, ,'Yardımcı Sağlık Personeli'",Yardımcı Sağlık Personeli,is_guvenlik_ve_saglik,,,Florence Nightingale Hastanesi,
,,,"Üniversitelerin Çevre Mühendisliği bölümünden mezun ,İşletmelerde Çevre, İş Sağlığı ve Güvenliği yönetimi ve uygulamaları ile ilgili  2 yıl tecrübeye sahip,C veya B Sınıfı İş Güvenliği Uzmanlığı Sertifikası sahip ,OHSAS 18001 İş sağlığı ve Güvenliği ve ISO 14001 Çevre Yönetim Sistemi çalışmalarında tecrübeli,MS Office programlarını iyi düzeyde kullanabilen, raporlama yapabilecek ,Çok iyi derecede İngilizce bilen ,Esnek çalışma saatlerine uyum sağlayabilecek ,Afyonkarahisar Emirdağ ilçesinde ikamet eden veya edebilecek ,Erkek adaylar için askerlik hizmetini tamamlamış. ,İŞ TANIMI,Türkiye'nin en büyük ve hızlı büyüyen gruplarından; Ülker, Bizim, Alpella, Uno, Godiva, Superfresh gibi markaları bünyesinde bulunduran Yıldız Holding ailesinden Kerevitaş olarak, Afyon/Emirdağ fabrikamızda görevlendirilmek üzere ,Çevre Mühendisi, aramaktayız. Kısa görev tanımı ve genel nitelikler aşağıda yer almaktadır., ,Fabrika sahasındaki Çevre, İş Sağlığı ve İş Güvenliğine dair çalışmaların yürütülmesi,Çevre, İş Sağlığı ve İş Güvenliğine ait mevzuatların standart takibinin yapılması, değişiklik durumunda  raporların hazırlanması,Çevre, İş Sağlığı ve İş Güvenliğine ait tetkiklerin yapılması, gerekli düzeltici önleyici faaliyetlerin takibi,14001 Çevre ve 18001 İş Sağlığı ve Güvenliği Yönetim Sistemleri gerekliliklerinin yerine getirilmesini sağlamak,Tehlikelerin tanımlanması, risk analizleri ve değerlendirmelerinin yapılarak riskleri ortadan kaldırıcı uygulamaların geliştirilmesi ve saha uygulamalarının gerçekleştirilmesi,Acil durum planlarının hazırlanması, kaza istatistiklerinin oluşturulması ",İşçi Sağlığı / İş Güvenliği ve Çevre Uzmanı,is_guvenlik_ve_saglik,,,Kerevitaş Gıda San. Ve Tic. A.Ş.,
,,," ,Global Yatırım Holding'e bağlı iştirakimizde görevlendirilmek üzere 'B Sınıfı İş Güvenliği Uzmanı'  ihtiyacımız bulunmaktadır,.,Üniversitelerin ilgili bölümlerinden mezun,,ÇSGB Onaylı B sınıfı İş Güvenliği Sertifikasına sahip,,Kalite Yönetim sistemine hâkim, Raporlama ve dokümantasyon konusunda yetkin,,Aktif Araç Kullanabilen,Saha Tecrübesi olan,Askerlik görevini tamamlamış, (Erkek adaylar için),,MS Office uygulamalarına hâkim,,İlgili mevzuatlara hâkim,,İngilizce bilgisine sahip,,İş sağlığı ve güvenliği risk analizi, iş güvenliği eğitim ve uygulamalarında bilgi sahibi,,Takım çalışmasına yatkın ve iletişim yeteneği gelişmiş,,İŞ TANIMI,Farklı çalışma alanlarında tehlike ve risklerin belirlenerek, araştırılması ve raporlanması,,Risk analizleri yapılarak tehlikeli faaliyet ve davranışlara müdahale edilmesi ile gerekli tedbirlerin alınmasının sağlanması,,İş Sağlığı ve İş Güvenliği ile ilgili yükümlülüklerin takibi, plan, prosedür, ve talimatların hazırlanması,,İşyerinde kazaların önlenmesi için çalışmalar yapılması,,Kaza ve olaylar sonrasında, olay araştırma ve kök sebep analizinin yapılması, raporların hazırlanması ve  operasyonlarla koordineli olarak aksiyonların belirlenmesi ve takip edilmesi., ",İş Güvenliği Uzmanı,is_guvenlik_ve_saglik,,,Consus Enerji İşletmeciliği ve Hizmetleri A.Ş.,
,,," ,Global Yatırım Holding'e bağlı iştirakimiz Edusa Atık, Aydın Söke ilçesinde bulunmaktadır. Şirketimizde görevlendirilmek üzere 'B Sınıfı İş Güvenliği Uzmanı'  ihtiyacımız vardır.,Üniversitelerin ilgili bölümlerinden mezun,,ÇSGB Onaylı B sınıfı İş Güvenliği Sertifikasına sahip,,Kalite Yönetim sistemine hâkim, Raporlama ve dokümantasyon konusunda yetkin,,Aktif Araç Kullanabilen,Saha Tecrübesi olan,Askerlik görevini tamamlamış, (Erkek adaylar için),,MS Office uygulamalarına hâkim,,İlgili mevzuatlara hâkim,,İngilizce bilgisine sahip,,İş sağlığı ve güvenliği risk analizi, iş güvenliği eğitim ve uygulamalarında bilgi sahibi,,Takım çalışmasına yatkın ve iletişim yeteneği gelişmiş,,İŞ TANIMI,Farklı çalışma alanlarında tehlike ve risklerin belirlenerek, araştırılması ve raporlanması,,Risk analizleri yapılarak tehlikeli faaliyet ve davranışlara müdahale edilmesi ile gerekli tedbirlerin alınmasının sağlanması,,İş Sağlığı ve İş Güvenliği ile ilgili yükümlülüklerin takibi, plan, prosedür, ve talimatların hazırlanması,,İşyerinde kazaların önlenmesi için çalışmalar yapılması,,Kaza ve olaylar sonrasında, olay araştırma ve kök sebep analizinin yapılması, raporların hazırlanması ve  operasyonlarla koordineli olarak aksiyonların belirlenmesi ve takip edilmesi. ",İş Güvenliği Uzmanı,is_guvenlik_ve_saglik,,,Edusa Atık Bertaraf Kazanım ve Depo. San Tic AŞ,
,,,"İş Açıklaması,İşverene, iş sağlığı ve güvenliği konularında, rehberlik ve danışmanlık yapmak,,İlgili kanun ve yönetmelikler uyarınca yasal sorumluluklarının yerine getirilmesini sağlamak,,İş sağlığı ve güvenliği kuruluna, risk değerlendirmelerine ve saha denetlemelerine katılmak.,İş kazası, ramak kala olayların kayıt ve istatistiklerini takip etmek,,Sağlıklı ve güvenli bir çalışma ortamı oluşturmak üzere gerekli organizasyonları yürütmek,,Yasal mevzuatça iş güvenliği uzmanı tarafından verilmesi gereken eğitimlerin programlanmasını ve gerçekleştirilmesini sağlamak,,İşyerindeki genel İş Sağlığı ve Güvenliği kurallarını denetlemek.,İş Sağlığı ve Güvenliği hizmetlerinin tamamının yürütülebilmesi için sağlanan yazılımı kullanmak,İstenen Yetenek ve Uzmanlıklar,Ortak Sağlık ve Güvenlik Birimimiz bünyesinde İstanbul Avrupa/Anadolu, Antalya, Eskişehir, Sakarya Geyve, Mersin Tarsus, Bayburt, Ankara, Manisa Alaşehir, Manisa yakasında hizmet verdiğimiz firmalarda görevlendirilmek üzere;,İş Güvenliği Uzmanlığı sertifikası sahibi olması,,İş Sağlığı ve Güvenliği yasal mevzuatlarına hâkim,,Saha uygulamaları konusunda deneyimli,,En az 1 yıl İş Sağlığı ve Güvenliği hizmetlerinde deneyim kazanmış,,Problem çözme ve sonuç odaklı,,Microsoft Office programlarını etkin bir şekilde kullanabilen,,İş takibi, dokümantasyon, raporlama ve arşivleme becerilerine sahip,,İş disiplini kurallarına uygun çalışabilecek ve ekip çalışmasına yatkın,,İnsan ilişkilerinde başarılı, güler yüzlü, hızlı ve doğru karar verme yetisine sahip,,Erkek adaylar için askerlik hizmetini tamamlamış,,Tercihen kalite yönetim sistemleri standartlarını bilen ve işletmelere kurabilen (ISO 9001, ISO 14001, OHSAS 18001 vb.).,Aktif olarak araç kullanabilen ve seyahat engeli olmayan",İş Güvenliği Uzmanı,is_guvenlik_ve_saglik,,,ÖZEL ENTEGRE İŞ SAĞLIĞI VE GÜVENLİĞİ HİZMETLERİ A,
Sürekli / Tam zamanlı,Hizmet,"Üniversite(Mezun), Yüksek Lisans(Mezun), Doktora(Mezun)","-Şirketimiz bünyesine; biri İstanbul biri Kocaeli-Gebze olmak üzere farklı iki projede sorumluluk sahibi, uyumlu çalışabilen, çalışkan, disiplinli ve tam zamanlı çalışabilecek C sınıfı iş güvenliği uzmanı arkadaşlar aramaktayız. ",İş Güvenliği Uzmanı,is_guvenlik_ve_saglik,"İstanbul(Avr.), Kocaeli(Gebze), İstanbul(Asya)",Sağlık,YAŞAM İŞ SAĞLIĞI VE GÜVENLİĞİ HİZMETLERİ TİC. LTD.,Tecrübeli ya da tecrübesiz adaylar
,,,"25-40 yaş arası,,Adana İlinde İkamet eden veya edebilecek olan,  ,İş Sağlığı ve Güvenliği  mevzuatına hakim, ,Aktif olarak araç kullanabilen, ,En az C sınıfı İş Güvenliği Uzmanı belgesi olan, ,MS Office programlarını aktif olarak kullanabilen, ,b sınıfı ehliyeti olan ve aktif araç kullanabilen ,Seyahat engeli olmayan, ,Erkek adaylar için askerlik hizmetini tamamlamış, ,İŞ TANIMI,Adana İli ve ilçelerinde Taahhüt işlerinde aşağıda belirtilen niteliklerde çalışacak, çalışma arkadaşları aramaktayız.,.          İşyerinde meydana gelen iş kazası ve meslek hastalıklarının nedenlerinin araştırılması ve tekrarlanmaması için alınacak önlemler konusunda çalışmalar yaparak işverene önerilerde bulunmak.,·         Kişisel ve ekip koruyucu ekipmanları kullanıcılara dağıtımını sağlamak, kullanımına dair eğitimlerin alınmasını sağlamak, kullanımını yerinde kontrol etmek ve ilgili raporlamaları yapmak,,·         İş sağlığı ve güvenliği yönünden risk değerlendirmesi yapılmasıyla ilgili çalışmalara ve uygulanmasına katılmak, risk değerlendirmesi sonucunda alınması gereken sağlık ve güvenlik önlemleri konusunda işverene önerilerde bulunmak ve takibini yapmak.,·         İşyerinde meydana gelen ancak ölüm ya da yaralanmaya neden olmayan, ancak çalışana, ekipmana veya işyerine zarar verme potansiyeli olan olayların nedenlerinin araştırılması konusunda çalışma yapmak ve işverene önerilerde bulunmak.,·         Çalışma ortamının gözetiminin (saha denetimlerinin) yapılması, işyerinde iş sağlığı ve güvenliği mevzuatı gereği yapılması gereken periyodik bakım, kontrol ve ölçümleri planlamak ve uygulamalarını kontrol etmek.,·         İşyerinde kaza, yangın veya patlamaların önlenmesi için yapılan çalışmalara katılmak, bu konuda işverene önerilerde bulunmak, uygulamaları takip etmek; doğal afet, kaza, yangın veya patlama gibi durumlar için acil durum planlarının hazırlanması çalışmalarına katılmak, bu konuyla ilgili periyodik eğitimlerin ve tatbikatların yapılmasını ve acil durum planı doğrultusunda hareket edilmesini izlemek ve kontrol etmek.,·         Çalışanların iş sağlığı ve güvenliği eğitimlerinin ilgili mevzuata uygun olarak planlanması konusunda çalışma yaparak işverenin onayına sunmak ve uygulamalarını yapmak veya kontrol etmek.,·         Çalışma ortamıyla ilgili iş sağlığı ve güvenliği çalışmaları ve çalışma ortamı gözetim sonuçlarının kaydedildiği yıllık değerlendirme raporunu işyeri hekimi ve iş güvenliği uzmanı ile işbirliği halinde hazırlamak.,·         Çalışanlara yönelik bilgilendirme faaliyetlerini düzenleyerek işverenin onayına sunmak ve uygulamasını kontrol etmek.,·         Gerekli yerlerde kullanılmak amacıyla iş sağlığı ve güvenliği talimatları ile çalışma izin prosedürlerini hazırlayarak işverenin onayına sunmak ve uygulamasını kontrol etmek.,·         İş sağlığı ve güvenliği yasal gerekliliklere uygunluğun takibini yapmak,,·         İş sağlığı ve güvenliği kurul toplantılarına katılmak, kurulun sekreterya işlerini yürütmek,,·         Alt işverenlerin iş sağlığı ve güvenliği açısından denetimlerini yapmak,,·         Kişisel koruyucu donanımların kullanımı, bakımı, muhafazası ve test edilmesi konularının iş sağlığı ve güvenliği mevzuatına ve genel iş güvenliği kurallarına uygun olarak sürdürülmesini sağlamak için işverene önerilerde bulunmak,,·         Yıllık değerlendirme raporunu, yıllık çalışma planlarını işyeri hekimi ve iş güvenliği uzmanı ile işbirliği halinde hazırlamak.",C sınıfı İş Güvenliği Uzmanı-Adana,is_guvenlik_ve_saglik,,,Yılmaz Elektrik San. Tic. Ltd. Şti,
,,,". 6331 sayılı Kanun esasları ve diğer İSG Mevzuatı hükümlerine hâkim,. Tercihen C Sınıfı uzmanlık sertifikası olan,,. 4 yıllık üniversite mezunu,,. Yeni mezun veya bu alanda 2 yıllık tecrübesi bulunan,,. Dikkatli, işini takip eden, ,. İngilizce bilen,,Tercihen İstanbul/Anadolu yakasında ikamet eden İş Güvenliği Teknikeri arıyoruz.",İş Güvenliği Teknikeri,is_guvenlik_ve_saglik,,,Tarkett Aspen Yapı ve Zemin Kaplamaları Tic. A.Ş.,
Sürekli / Tam zamanlı,Hizmet,Üniversite(Mezun),"Mersin lokasyonumuzda bulunan Ortak Sağlık Güvenlik Birimimizde görevlendirilmek üzere aşağıdaki niteliklere sahip “B ve C, Sınıfı, İş Sağlığı ve Güvenliği Uzmanı  ,”, arayışımız bulunmaktadır.,- Üniversitelerin İş Sağlığı ve Güvenliği veya Mühendislik bölümlerinden mezun,,- B ve C Sınıfı İş Sağlığı ve Güvenliği Uzmanı sertifikasına sahip,,- En az 1 yıl iş deneyimi bulunan,- ,Hizmet Sektöründe İş Sağlığı ve Güvenliği Uzmanı olarak kariyer hedefleyen,,- MS Office uygulamalarına hakim, raporlama yapabilecek,,- Planlama, organizasyon ve analitik düşünme yeteneği gelişmiş, ekip çalışmasına yatkın,,- Sürücü belgesi bulunan, aktif olarak araç kullanabilen,,- Seyahat engeli bulunmayan,,- Yoğun çalışma temposu ve esnek çalışma saatlerine uyum sağlayabilecek,,- Yönetmeliklere uygun olarak ,tam zamanlı, görev alabilecek,,- Erkek adaylar için askerlik hizmetini tamamlanmış,İŞ TANIMI,- Tehlikelerin tanımlanması, risk analizleri ve değerlendirmelerinin yapılarak riskleri ortadan kaldırıcı uygulamaların geliştirilmesi ve saha uygulamalarının gerçekleştirilmesi,,- İş Sağlığı ve Güvenliği kapsamındaki eğitim ihtiyaç analizinin yapılması ve eğitimlerin verilmesi,,- Acil durum planlarının hazırlanması, kaza istatistiklerinin oluşturulması,,- İş Sağlığı ve Güvenliği ve Çevre faaliyetlerinin takip edilmesi ve denetimlerle gerekli müdahalelerin yapılması,,- İş Güvenliği ve Çevre uygulamalarının standardının artırılmasına katkıda bulunulması.",B/C Sınıfı İş Güvenliği Uzmanı,is_guvenlik_ve_saglik,,Elektronik Güvenlik Sistemleri,Gizli Firma,En az 1 yıl tecrübeli adaylar
,,,"Sağlık Hizmetleri Meslek Yüksekokulu veya Sağlık Meslek Lisesi mezunu,,Kayıt ve istatistikî bilgileri takip edebilecek,,Periyodik muayeneleri ve yasal bildirimleri organize edebilecek,,Hijyen denetimlerini, su ve gıda numunelerinin analizlerini, portör muayenelerini takip edebilecek,,İlkyardım, enjeksiyon, pansuman ve benzeri konularda deneyim sahibi,,Tercihen İşyeri Sağlık Memuru alanında deneyimli ve bilgi sahibi,,Erkek adaylar için askerlik hizmetini tamamlamış,,Eskişehir'de ikamet eden/edebilecek olan.,İŞ TANIMI,Oluklu Mukavva Kutu ve Ambalaj sektörlerinde faaliyet gösteren firmamzın Eskişehir Fabrikası’nda görevlendirilmek üzere,Sağlık Memuru, aramaktayız.,İşçilerin kişisel hijyen beslenme, kişisel koruyucuların kullanışı ve genel konulardaki eğitimlerini yapmak.,SSK veya özel kayıtların düzenlemeleri tutarak işyeri hekimine bilgi vermek.,Yemekhane ve çay ocaklarında görevli işçilerin kayıtlarını tutup, yönetmelik hükümlerine göre muntazam olarak Verem Savaş Dispanserinde TBI Tüberkiloz ve Halk Sağlığında Portörlük muayenelerini yaptırmak.,PES kontrolünü yapmak., ,İşyeri İSG ve Çevre Kurulu toplantılarına iş yeri hekimi ile birlikte katılmak.,Acil durumlarda ve iş kazalarında ilk müdahaleyi yapıp işyeri hekimine acilen bilgi vermek ve SSK Hastanesine acil götürülmesini sağlamak.,İşyerinde çalışan tüm işçilerin koruyucu aşılarını yönetmelik hükümlerine göre yapmak ve kayıtlarını tutmak.,Tıbbi atıkların, Tıbbi Atık Bertaraf Talimatına uygun şekilde bertarafını sağlamak.,Akciğer filmi, odiyometri, tetanoz ve ilaçlamaların izleme ve ölçme prosedürüne uygun olarak yapılmasını sağlamak.",SAĞLIK MEMURU,is_guvenlik_ve_saglik,,,Dentaş Ambalaj ve Kağıt San. A.Ş.,
,,,"10 Teker Vidanjör kullanabilecek,,Daha önce tecrübesi olan,  ,Src ve Psikoteknik belgesi bulunanan ,",Tanker Şoförü,is_guvenlik_ve_saglik,,,ATABERAKIN İNŞAAT HAF. NAK. MAK. SAN. TİC.LTD.ŞTİ.,
,,"Ön Lisans(Mezun), Üniversite(Mezun), Yüksek Lisans(Mezun), Doktora(Mezun)","Bakanlıktan onaylı C, B ve A sınıfı iş güvenliği uzmanı belgesine sahip, ,Danışmanlık mantığını bilen, ,İş sağlığı ve güvenliği mevzuatına hakim, ,Araştırmacı, ,Sunum yeteneğine sahip, ,Eleştiri kabul eden ve gelişime açık, ,Bilgisayar kullanımı konusunda yetkin, ,Tercihen Aktif araç kullanabilen, ,İletişim becerileri yüksek, ,Erkek adaylar için Askerlik hizmetini tamamlamış ,Bay-Bayanlar ,""İş Güvenliği Uzmanı"" çalışma arkadaşları arıyoruz. ,İŞ TANIMI",İş Güvenliği Uzmanı,is_guvenlik_ve_saglik,,,PAROLA GRUP,En çok 25 yıl tecrübeli adaylar
,,,"• Üniversitelerin mühendislik bölümü mezunu,, • En az B sınıfı iş güvenliği uzmanlık belgesine sahip,, • Tercihen değerli metal madencilik tecrübesi bulunan,, • En az 3 yıl aktif iş tecrübesine sahip,, • İyi düzeyde İngilizce bilgisine sahip,, • Tercihen IOSH, OSHA vb uluslararası sertifikası olan,, • İş izin sistemleri hakkında bilgisi olan,, • MS Office programlarını çok iyi düzeyde kullanan,, • Yönetim sistemleri hakkında bilgisi bulunan,, • Sonuç odaklı, gelişime açık ve iletişimi kuvvetli olan,, • Tercihen büyük endüstriyel kazaların önlenmesi konusunda bilgi sahibi olan,, • Seyahat engeli bulunmayan,, • Erkek adaylar için askerliğini tamamlamış olan,, • B sınıfı ehliyete sahip (aktif olarak araç kullanan), • Balıkesir de ikamet eden veya edebilecek olan ,Görev ve Sorumluluklar ,• İş güvenliği ile ilgili mevzuatı (6331 dahil) takip etmek, uygulamak ve denetlemek,, • İş sağlığı ve güvenliği politikasını benimsetmek,, • Kaza-olay araştırma ve kök neden araştırmalarına katılım sağlamak,, • Risk değerlendirmelerini güncel halde tutmak ve takibini yapmak,, • Acil durum planlamalarını yapmak ve uygulatmak,, • Yasal ve saha için gerekli iş güvenliği eğitimlerini vermek,, • Gerekli prosedür ve talimatları yazmak ve uygulatmak,, • İş güvenliği kurallarını sahada uygulatmak,, • Düzenli raporlama yapmak (haftalık, aylık ve yıllık), • Denetim planlaması yapmak ve denetimleri gerçekleştirmek,, • Düzeltici ve iyileştirici faaliyetleri takip etmek,, • Yasal toplantılara katılım sağlamak,, • Yüklenicilerin iş güvenliği açısından yönetimini yapmak,, • İlgili birimlerle iş birliği halinde rehberlik ve danışmanlık yapmak.",İş Güvenliği Uzmanı,is_guvenlik_ve_saglik,,,Zenit Madencilik Sanayi ve Ticaret Anonim Şirketi,
,,,"Şirketimizin İş Güvenliği ve Sağlığı Biriminde görevlendirilmek üzere; ,A, sınıfı iş güvenliği uzmanlığı belgesine sahip,Tercihen Üniversitelerin Mühendislik bölümlerinden mezun,,Büyük ölçekli inşaat ve ya endüstri projelerinde min. 5 yıl tecrübesi bulunan,,MS Office uygulamalarına hakim, ,Analitik düşünce yeteneği olan, iletişim yetenekleri gelişmiş,,Planlama, organizasyon ve problem çözme yeteneğine sahip,,Takım çalışmasına yatkın, zaman yönetimi ve iletişim becerileri güçlü,,İlkyardım sertifikası olan (Acil Durum, Yangın, Yüksekte Çalışma Eğiticisi/IRATA/STRATA eğitimleri*),,Tercihen Kalite süreçleri konusunda bilgi sahibi (ISO 9001:2015, ISO 14001:2015 OHSAS 18001 sertifikasyona sahip*),,Mevzuat, yönetmelik ve saha uygulamalarına hakim,,Çalışanlara eğitim verebilecek,,Sorumluluk sahibi,, ,Risk değerlendirme metodolojilerine hakim,,Sürücü belgesine sahip ve aktif olarak araç kullanabilen,,İstanbul'da ikamet eden,,Erkek adaylar için askerlik görevini tamamlamış,İŞ TANIMI,Aylık kurul toplantılarının düzenlenmesi,,Risk analizi ve acil eylem planı çalışmalarının yürütülmesi,,İş Sağlığı ve Güvenliği eğitimlerinin verilmesi,,Sahada İSG denetimlerinin düzenlenerek raporlanması,,İSG mevzuatı gereğince yapılması gereken yasal yükümlülüklerin yerine getirilmesi.,Meydana gelen kazaların ayrıntılı kaza araştırması ve istatistiklerinin düzenlenmesini sağlamak.",İş Güvenliği Uzmanı,is_guvenlik_ve_saglik,,,Yapı ve Yapı İnş. Taah. San. ve Tic. A.Ş.,
,,,"Grup Florence Nightingale Kadıköy Hastanesi'nde görevlendirilmek üzere;,En az ilköğretim, tercihen lise mezunu,,Hasta ve hasta yakınlarının memnuniyetini işinin her aşamasında ön planda tutabilecek,,Ekip çalışmasına yatkın,, ,Vardiyalı çalışabilecek, , ,Askerlik hizmetini tamamlamış(erkek adaylar için),, ,Anadolu yakasında ikamet eden.,'Yardımcı Sağlık Personeli' ,aranmaktadır.,* Hastane içinde taşınması gereken evrakları,malzemeleri ilgili yerlere götürmek,,* Hemşire refakatinde,hemşirelere hasta bakımında destek olmak.",Yardımcı Sağlık Personeli,is_guvenlik_ve_saglik,,,Grup Florence Nightingale Hastaneleri,En çok 10 yıl tecrübeli adaylar
,,,"1999 yılından itibaren Hollanda menşeli markalarının üretim ve satın alma faaliyetlerini yürüten Tamara Tekstil; 2015 yılından itibaren tecrübelerini fason üretim alanında da kullanmaya karar vermiştir. ,Hollanda ve Almanya pazarında bilinen markalara fason üretim desteği veren Tamara Tekstil; alanında uzman kadrosu ile çalıştığı müşterilerin tamamının ana üreticisi olmayı başarmıştır. Avrupa'da belli noktalarda showroom'u bulunan şirketin üretim kapasitesi her yıl biraz daha artmaktadır. , Şu anda aylık 200.000 adet üretim kapasitesi bulunan şirketin uzmanlık alanı kaliteli ve orta büyüklükte adetli siparişlerdir. Örme kumaştan üretilebilecek en ince işçilikli ürünlerden, ağır yıkamalı spor ürünlere kadar bir çok ürün gamında tecrübesi bulunan şirketin üretim ağının %80'i bayan, % 20 si ise çocuk ürünlerinden oluşmaktadır. ,Üretim  kapasitesine paralel olarak kadrosu genişlemekte olan firmamız için; ailemize katılacak yeni çalışma arkadaşları aramaktayız.,İş Güvenliği Uzmanı,Aylık kurul toplantılarının düzenlenmesi,,Risk analizi ve acil durum eylem planı çalışmalarının yürütülmesi,,İş Sağlığı ve Güvenliği eğitimlerinin verilmesi,,Firma içi gerekli prosedürlerin uygulanması, güncellenmesi ve kontrolünün sağlanması,,Çalışma ortamı gözetimi yapılması ve sahada İSG denetimlerinin düzenlenerek raporlanması,,İSG mevzuatı gereğince yapılması gereken yasal yükümlülüklerin yerine getirilmesi,,İş sağlığı ve güvenliği ile ilgili yasal mevzuatların takibin yapılması ve saha uygulamaları veya gözetimi yapılması,,Firma içinde kalan sürede İdari İşler sürecinin takibi ve kendisine bağlı ekibinin yönetimi,NİTELİKLER ,İş Güvenliği Uzmanlık belgesine sahip,Güncel İş Sağlığı ve Güvenliği mevzuatına hakim,Üniversitelerin ilgili bölümlerinden mezun,Eğitim verme tecrübesine sahip, tercihen Eğiticinin Eğitimi belgesine sahip,Takım çalışmasına yatkın, ,İletişim becerileri güçlü, ,Planlama ve raporlama becerileri gelişmiş, ,İletişim becerileri yüksek, ",İş Güvenliği Uzmanı,is_guvenlik_ve_saglik,,,Tamara Tekstil San. ve Tic. Ltd.Şti.,
,,,"Üniversitelerin ilgili bölümlerinden mezun, ,Bakanlık onaylı C Sınıfı İş Sağlığı ve Güvenliği sertifikasına sahip, ,Güncel mevzuat ve yönetmeliklere hakim, ,İnşaatlarda en az 2 yıl tecrübeli, ,Dışa dönük, güler yüzlü, enerjisi yüksek, aktif ve yoğun iş temposunu seven, ,Dokümantasyon ve raporlama süreçlerine hakim, ,MS Office programlarına hakim ve etkin olarak kullanabilen, ,İŞ TANIMI,6331 Sayılı İş Sağlığı ve Güvenliği Kanunu ve İş Sağlığı ve Güvenliği uzmanlarının görev, yetki, sorumluluk ve eğitimleri  hakkında yönetmelik gereği tüm görevleri yerine getirmek,,İşe giriş İSG Eğitimlerinin verilmesi. ,İş Sağlığı ve Güvenliğine ilişkin düzeltici ve önleyici faaliyetlerin gerçekleştirilmesi.,Alınacak tedbirlerin planlanması, uygulatılması ve uygulama takibinin yapılması.,İSG mevzuatınlarına uygun dokümantasyon çalışmalarının yapılması. ,Tüm İş Sağlığı ve Güvenliği faaliyetlerinin düzenli olarak raporlanması. ,Saha aktif çalışabilecek. ,İnsan Kaynakları ve İdari işler ile ilgili faaliyetlerin koordine edilmesine destek verilmesi,,Kocaeli Kartepe Forum Anatolia Projesinde görev almak üzere, belirtilen özelliklere sahip İş Güvenliği Uzmanı C Sınıfı takım arkadaşı aramaktayız.",İş Güvenliği Uzmanı,is_guvenlik_ve_saglik,,,ZERAY MAKİNA MÜHEND. İNŞ. TUR. SAN. TİC. A.Ş.,
,,,"Meslek Lisesi veya M.Y.O ,Elektrik-Elektronik, Makine, Mekatronik bölümleri mezunu,,Tercihen ilk yardım, iş güvenliği vb. eğitimlere katılmış,,MS Office programlarını kullanabilen,,Vardiyalı çalışabilecek,, ,Tercihen askerlik hizmetini tamamlamış,,30 yaşını aşmamış,, ,Manisa'da ikamet eden,, ,Bay ya da Bayan,İŞ TANIMI,TELESETGROUP olarak, Metal Parça ve Kablo Grubu konularında ,Manisa'da faaliyet gösteren fabrikamız için, iş sağlığı güvenliği ve çevre yönetim sistemi süreçlerinin sahadaki uygulamalarını kontrol etmek üzere görevlendirilecektir.",İş Güvenliği Personeli,is_guvenlik_ve_saglik,,,Teleset Group,
Sürekli / Tam zamanlı,Üretim / İmalat,,"B İSG Uzmanı için en az 3 yıl deneyimli, A sınıfı İSG uzmanı için en az 5 yıl tecrübeli,Üretim fabrikalarında tecrübesi olan,İlgili sınıfın İş Güvenliği Uzmanlığı Sertifikası olan ve aktif olarak kullanabilen,,İş sağlığı ve güvenliği mevzuat ve yönetmeliklerine hakim,,İş Sağlığı ve Güvenliği konularında çalışanlara gerekli eğitimleri verebilecek,,Günlük iş güvenliği ve çevre saha denetimlerini yapıp raporlayabilecek,,ISO 14001, OHSAS 18001 ve ISO 9001 yönetim sistemleri uygulamaları hakkında bilgi sahibi,,Tercihen Çevre görevlisi belgesi olan,Çevre denetim konuları ve bildirimleri hakkında bilgi sahibi,MS Office programlarına ve bilgisayar kullanımına iyi derecede hâkim, gerekli raporlamaları bilgisayar ortamında yapabilen,,İnsan ilişkileri ve iletişimi kuvvetli, iyi organize olabilen ve sonuç odaklı çalışabilen,,Erkekler adaylar için ,askerlik hizmetini tamamlamış.",İş Güvenliği Uzmanı,is_guvenlik_ve_saglik,,Üretim / Endüstriyel Ürünler,Sonçağ Tarım Orman Ürünleri Ltd. Şti.,3 - 10 yıl tecrübeli adaylar
,,,"Üniversitelerin ilgili bölümlerinden mezun, ,A,B ve C Sınıfı iş Güvenliği Uzmanı Sertifikalarından birine sahip, ,MS Office programlarını temel seviyede kullanabilen, ,Detaylara önem veren, dikkatli, disiplinli, iş takibi, raporlama becerilerine sahip,Ekip çalışmasına yatkın ve uyumlu, ,Ehliyet sahibi, ,Aktif araç kullanabilen,,""İş Güvenliği Uzmanı"" ",İş Güvenliği Uzmanı,is_guvenlik_ve_saglik,,,GÖKER İŞ SAĞLIĞI İŞ ĞÜVENLİĞİ VE ÇEVRE ÖLÇÜM MÜH.D,
,,,"Bursa Orhangazi de bulunan Çelik Mekanik ve Teknolojik İmalat ve Montaj konularında faaliyeti gösteren Fİrmamızda; ,Gerek yurt içi Gerek yurt dışı projelerimizde çalışmak üzere ,?İş Sağlığı ve Güvenliği(İSG) olarak çalışacak  çalışma arkadaşı aramaktayız",İşçi Sağlığı / İş Güvenliği ve Çevre Uzmanı,is_guvenlik_ve_saglik,,,UMMAN MAKİNA ZIR.ÜR.TEKN.DANŞ.GID.İNŞ.SAN VE TİC.L,
Sürekli / Tam zamanlı,Sağlık,,"Büyükçekmece,Beylikdüzü Hastanemizde,"",Yardımcı Sağlık Personeli,"",İŞ TANIMI,Tercihen hasta bakımı konusunda deneyimli, ,Hasta ve hasta yakınları ile iyi iletişim kurabilecek, ,Dikkatli, titiz, ekip çalışmasına yatkın, ,Sabırlı, güleryüzlü, ,Erkek adaylar için askerliğini tamamlamış. ",Yardımcı Sağlık Personeli (Beylikdüzü-B.Çekmece),is_guvenlik_ve_saglik,İstanbul(Avr.),"Sağlık, Sağlık Kuruluşları, Hastaneler",Kolan Hastanesi,En çok 10 yıl tecrübeli adaylar
,,,"İŞ TANIMI ,Türkiyedeki yasal mevzuatlara, uluslararası iyi uygulmalara ve Avrupa Yatırım ve İmar Bankası Performans gerekliliklerine ve Şirket politika, plan, prosedürlerine uygun olarak sahada iş güvenliği kurallarını uygulamak, uygulatmak, denetlemek, raporlamak, geliştirmek, ,Yüklenici firmaların iş güvenliği aktivitelerini denetlemek, günlük iş güvenliği konularını idare etmek., Risk derecesini düşürücü tedbirlerin alınmasını sağlamak, risk tanımlamaları, değerlendirmeleri, önleyici ve düzeltici faaliyetlerde bulunmak, ,İş güvenliğinde liderlik yapmak, çalışanlara tavsiye ve desteklerde bulunmak, İş güvenliği eğitimlerinde rol almak, ,Kaza araştırmalarında bulunmak, Günlük ve haftalık çalışma alanı kontrollerinde bulunmak, gerekli raporlamaları yapmak, ,İş Güvenlği uygulamaları detayında yüklenicileri yönlendirmek, uyarmak, gerektiğinde müdahale etmek.,GEREKLİLİKLER,En az 3 yıl inşaat ve/veya maden sahalarında iş güvenliği tecrübesi olan, ,Tercihen maden, jeoloji, makine, inşaat, elektrik veya endüstri mühendisliği bölümü mezunu, ,Aktif olarak off-road ve güvenli sürüş tekniklerini kullanarak araç kullanan, , Orta derecede İngilizce bilen, ,Erkek adayların askerlik hizmetini tamamlamış olması ,, B veya C sınıfı iş güvenliği uzmanlığı belgesine sahip olmak,İletişim yeteneğinin üst seviyede olması",İş Güvenliği Uzmanı,is_guvenlik_ve_saglik,,,ÖKSÜT MADENCİLİK SANTİC.A.Ş.,
,,,"Tam süreli görev alabilecek,,B sınıfı, ",İş Güvenliği Uzmanı,is_guvenlik_ve_saglik,,,Altay İşçi Sağlığı İş Güvenliği Çevre Ve Eğitim L,
Uzman,Sürekli / Tam zamanlı,,"Kemer Medical Center Özel Sağlık Hizmetleri Turizm ve Ticaret A.Ş. Bünyesinde Bulunan, Ortak Sağlık Güvenlik Birimimiz (MMS OSGB)' de görevlendirilmek üzere; ,A, B veya C sınıfı İş Güvenliği Uzmanlığı Sertifikasına Sahip,Sınıfında en az 2 yıl deneyimli ,İletişim yeteneği güçlü ,Ekip çalışmasına yatkın ,Disiplinli çalışmayı ilke edinmiş ,Askerliğini yapmış ( erkek adaylar için) ,B sınıfı sürücü ehliyetine sahip/aktif olarak araç kullanabilen ,Alanya' da ikamet eden,İş Güvenliği Uzmanı, aramaktayız. ","A, B, C SINIFI İŞ GÜVENLİĞİ UZMANI",is_guvenlik_ve_saglik,,Sağlık,ÖZEL ANTALYA ANADOLU HASTANELERİ,
,,,"Üniversitelerin ilgili bölümlerinden mezun, ,Bakanlık onaylı C - B - A Sınıfı İş Güvenliği Uzmanlığı sertifikasına sahip, ,İş sağlığı ve güvenliği konusunda tecrübeli yada tecrübesiz, ,MS Office programlarını etkin düzeyde kullanabilen, ,Takım çalışmasına yatkın, iletişimi güçlü, ,Bursa ilinde görevlendirilmek üzere,, ,İŞ TANIMI,6331 sayılı İş Sağlığı ve Güvenliği Kanunu, İş Güvenliği Uzmanlarının Görev, Yetki ve Sorumlulukları Hakkında Yönetmelik ve ilgili diğer mevzuatlar kapsamındaki tüm görevlerin gerçekleştirilmesi (Rehberlik, Risk Değerlendirme, Çalışma Ortamı Gözetimi, Eğitim-Bilgilendirme-Kayıt, İlgili Birimlerle İşbirliği vb.) ve tüm bu çalışmaların takip edilmesi, raporlanması",İş Güvenliği Uzmanı,is_guvenlik_ve_saglik,,,Burtez Bursa Tez Medikal Sağlık Turizm Eğitim Dan,
,,,"GENEL NİTELİKLER VE İŞ TANIMI,• Üniversitelerin Mühendislik bölümlerinden mezun,,• C Sınıfı İş Güvenliği Uzmanlık sertifikasına sahip, ,• İş İzinleri, kapalı alan, yüksekte çalışma konularında tecrübeli ve sertifikalı,,• MS Office programlarını etkin kullanabilen, ,• Aktif araç kullanabilen, askerlik görevini tamamlamış ,,• Tercihen OHSAS 18001 Standardı uygulamaları hakkında bilgi sahibi, ,• Tercihen Patlamadan Korunma Dökümanı Sertifikası ve bilgisi olan, ,• Çözüm odaklı, analitik düşünebilen, planlama, organizasyon ve problem çözme konularında etkin, takım çalışmasına yatkın bay takım arkadaşı aramaktayız.,Görev Tanımı ,İş Sağlığı ve Güvenliği ile ilgili ulusal ve uluslararası mevzuat ve standartlar ile şirket içi standartlar doğrultusunda tüm gerekliliklerin gerçekleştirilmesi, mevcut sistem uygulamalarının geliştirilmesi ,6331 sayılı İş Sağlığı ve Güvenliği Kanunu, İş Güvenliği Uzmanlarının Görev, Yetki ve Sorumlulukları Hakkında Yönetmelik ve ilgili diğer mevzuatlar kapsamındaki tüm görevlerin gerçekleştirilmesi (Rehberlik, Risk Değerlendirme, Çalışma Ortamı Gözetimi, Eğitim-Bilgilendirme-Kayıt, İlgili Birimlerle İşbirliği vb.) ve tüm bu çalışmaların takip edilmesi, raporlanması ,İş Sağlığı ve İş Güvenliği ile ilgili yasal yükümlülüklerin takip, plan, prosedür ve talimatların hazırlanması ve süreçlerinin iyileştirilmesi,,Risk analizlerinin yapılması, alınacak tedbirlerin planlanması ve uygulamanın takibinin yapılması. , Ekip çalışmalarında uyumlu, Ekip yönetimi konusunda tecrübeli ,İş kazası ve meslek hastalıklarının önlenmesi ile ilgili çalışmaların planlanması ve yapılması için işyeri hekimi ile ortak çalışılması ,İş sağlığı ve güvenliği için gerekli periyodik kontrollerin ve ölçümlerin planlanması ve uygulamalarının takibi,,İSG kültürünü arttırıcı faaliyetlerin gerçekleştirilmesi ,İşyeri Hekimi ve Diğer Sağlık Personelleri ile koordineli çalışılması   ",İş Güvenliği Uzmanı,is_guvenlik_ve_saglik,,,Sektöründe Lider Firma,
,,"Lise(Mezun), Ön Lisans(Mezun), Üniversite(Mezun)","İŞ SAĞLIĞI VE GÜVENLİĞİ ALANINDA HİZMET SUNAN ŞİRKETİMİZİN, ,İSTANBUL(AVRUPA), LOKASYONUN DA BULUNAN  PROJESİNDE GÖREV ALACAK,İYİ DERECEDE İNGİLİZCE, DİL BİLGİSİNE SAHİP ,SAĞLIK PERSONELİ,ARANMAKTADIR.,Adaylarda Aranan Özellikler ;,İstanbul Avrupa Yakasında İkamet eden,İleri seviye İngilizce bilgisine sahip,Paramedic / AAT /Hemşirelik, bölümlerinin birinden mezun,,Tam zamanlı olarak İş Yeri revirinde çalışma yapabilecek,Revir hizmetleri ve Acil Müdahale gerektirecek vakalarında tecrübe sahibi olan. ",Sağlık Personeli,is_guvenlik_ve_saglik,,,DETAM Danışmanlık Eğitim Teknik Araştırma Mühendislik Ltd. Şti.  ,En az 2 yıl tecrübeli adaylar
,,,"
,Derindere  Hastanemizde görevlendirilmek üzere ,""Yardımcı Sağlık  Personel"",aramaktayız. ,
, ,
,
,Lise mezunu, ,Belirlenen politika, hedef, kural ve düzenlemeler doğrultusunda hasta bakım hizmetlerinin yerine getirilmesini sağlayabilecek,,Birimler arası hasta transferi ve hastaya pozisyon verilmesi gereken durumlarda hemşireye yardımcı olacak,,Bölümün genel düzenini sağlayabilecek, ,Alanında en az 2 yıl deneyime sahip, ,Dış görünüşüne önem veren ve güler yüzlü, ,Sözlü ve yazılı iletişimi güçlü, ,Ekip çalışmasına yatkın, ,Sorumluluk sahibi, ,Hasta ve hasta yakını memnuniyetine önem veren. ,
",Yardımcı Sağlık Personeli,is_guvenlik_ve_saglik,,,Hastane Derindere,
Sürekli / Tam zamanlı,Hizmet,,"Tuzla da bulunan, İstanbul Okan Üniversitesi Hastanesi’,nde görevlendirilmek üzere;
,
,Tercihen 1 yıl hasta bakımı deneyimi olan, ,Hasta güvenliği ve memnuniyeti odaklı çalışan, ,Dikkatli, titiz, enfeksiyon prosedürüne hakim, ,İletişimi güçlü, insan ilişkilerinde başarılı, ,Ekip çalışmasına yatkın, ,Tam zamanlı/vardiyalı çalışabilecek, ,Dinamik çalışma ortamına yatkın, ,Erkek adaylar için askerlik hizmetini tamamlamış, ,“Yardımcı Sağlık Personeli” ,alınacaktır.",Yardımcı Sağlık Personeli,is_guvenlik_ve_saglik,"Kocaeli, İstanbul(Asya)","Sağlık, Sağlık Kuruluşları, Hastaneler, Üniversiteler",İstanbul Okan Üniversitesi Hastanesi,En az 1 yıl tecrübeli adaylar
,,,İŞ TANIMI,İş Güvenliği Uzmanı,is_guvenlik_ve_saglik,,,Sektöründe Öncü Firma,
(Belirtilmemiştir),Sürekli / Tam zamanlı,Üniversite(Mezun),"GENEL NİTELİKLER ,Çetin Akademi Ortak Sağlık Güvenlik Birimi bünyesinde ,B Sınıfı İş Güvenliği Uzmanları
,a,ramaktayız.,
,
,·,        
,25-45 yaş aralığında,·,        
,Erkek adaylar için askerliğini tamamlamış,,·,        
,Sözlü, yazılı iletişim becerisi yüksek ve takım çalışmasına uyumlu,,·,        
,Uzun vadede çalışmayı hedefleyen,,·,        
,Tercihen ISO 9001 Kalite Yönetim Sistemleri bilgisi olan,,·,        
,Tercihen OHSAS 1801 Yönetim Sistemi bilgisi olan, ,İŞ TANIMI,·,        
,Ulusal iş sağlığı güvenliği mevzuatları gereğince sorumlusu olduğu projelerde gerekli çalışmaların planlanması, takibi,·,        
,İş sağlığı ve güvenliği eğitimlerinin planlanması ve uygulanması,,·,        
,Çalışma ortamının İSG açısından uygunluğunun kontrolü ve gerekli kontrol tedbirlerinin belirlenmesi ve raporlanması,,·,        
,Risk değerlendirmesi, acil durum planları gibi ulusal mevzuatların gerektirdiği diğer faaliyetlerin yerine getirilmesi,,·,        
,OSGB arşiv konusunda gereklilikleri yerine getirmesi",B Sınıfı İş Güvenliği Uzmanı,is_guvenlik_ve_saglik,,İş Sağlığı ve Güvenliği,ÇETİN AKADEMİ İŞ SAĞ. VE GÜV. İNS. KAY. EĞT. DAN. ELK. HİZ. SAN. TİC. A.Ş,2 - 6 yıl tecrübeli adaylar
Uzman,Sürekli / Tam zamanlı,Üniversite(Mezun)," ,GENEL NİTELİKLER ,Çetin Akademi Ortak Sağlık Güvenlik Birimi bünyesinde 
,A Sınıfı İş Güvenliği Uzmanları  ,Aramaktayız.,
,
,·,        
,25-45 yaş aralığında,·,        
,Erkek adaylar için askerliğini tamamlamış,,·,        
,Sözlü, yazılı iletişim becerisi yüksek ve takım çalışmasına uyumlu,,·,        
,Uzun vadede çalışmayı hedefleyen,,·,        
,Tercihen ISO 9001 Kalite Yönetim Sistemleri bilgisi olan,,·,        
,Tercihen OHSAS 1801 Yönetim Sistemi bilgisi olan, ,İŞ TANIMI,·,        
,Ulusal iş sağlığı güvenliği mevzuatları gereğince sorumlusu olduğu projelerde gerekli çalışmaların planlanması, takibi,·,        
,İş sağlığı ve güvenliği eğitimlerinin planlanması ve uygulanması,,·,        
,Çalışma ortamının İSG açısından uygunluğunun kontrolü ve gerekli kontrol tedbirlerinin belirlenmesi ve raporlanması,,·,        
,Risk değerlendirmesi, acil durum planları gibi ulusal mevzuatların gerektirdiği diğer faaliyetlerin yerine getirilmesi,,·,        
,OSGB arşiv konusunda gereklilikleri yerine getirmesi",A Sınıfı İş Güvenliği Uzmanı,is_guvenlik_ve_saglik,,İş Sağlığı ve Güvenliği,ÇETİN AKADEMİ İŞ SAĞ. VE GÜV. İNS. KAY. EĞT. DAN. ELK. HİZ. SAN. TİC. A.Ş,2 - 6 yıl tecrübeli adaylar
,,,"Okan Üniversitesi Hastanesi’nde,En az lise mezunu, ,Tercihen 2 yıl hasta bakımı deneyimi olan, ,Hasta güvenliği ve memnuniyeti odaklı çalışan, ,Dikkatli, Titiz, Enefeksiyon prosedürüne hakim, ,İletişimi güçlü, insan ilişkilerinde başarılı, ,Ekip çalışmasına yatkın, ,Tam zamanlı/vardiyalı çalışabilecek, ,Dinamik çalışma ortamına yatkın, ,Erkek adaylar için askerlik hizmetini tamamlamış, ,“Yardımcı Sağlık Personeli” ",Yardımcı Sağlık Personeli,is_guvenlik_ve_saglik,,,Okan Üniversitesi Hastanesi,
